llid,date,time,lat,lng
0,2022-10-27,11:17:05 Z,49.50113366666667,5.9444495
1,2022-10-27,11:17:10 Z,49.500991,5.944450166666667
2,2022-10-27,11:17:15 Z,49.50099183333333,5.944439
3,2022-10-27,11:17:20 Z,49.501067666666664,5.9444436666666665
4,2022-10-27,11:17:25 Z,49.50115316666667,5.944455666666666
5,2022-10-27,11:17:30 Z,49.501182166666666,5.944482166666667
6,2022-10-27,11:17:35 Z,49.5012745,5.944472666666667
7,2022-10-27,11:17:40 Z,49.501422,5.944451666666667
8,2022-10-27,11:17:45 Z,49.501496,5.944442666666666
9,2022-10-27,11:17:50 Z,49.50155016666667,5.9444365
10,2022-10-27,11:17:55 Z,49.501562166666666,5.944431666666667
11,2022-10-27,11:18:00 Z,49.50154333333333,5.944431833333333
12,2022-10-27,11:18:05 Z,49.501516,5.944440833333333
13,2022-10-27,11:18:10 Z,49.50149283333333,5.9444436666666665
14,2022-10-27,11:18:15 Z,49.50147316666666,5.944452
15,2022-10-27,11:18:20 Z,49.501486666666665,5.9444688333333335
16,2022-10-27,11:18:25 Z,49.501538833333335,5.944476166666667
17,2022-10-27,11:18:30 Z,49.501568166666665,5.9444851666666665
18,2022-10-27,11:18:35 Z,49.501584,5.944479833333333
19,2022-10-27,11:18:40 Z,49.501584666666666,5.9444485
20,2022-10-27,11:18:45 Z,49.50156033333333,5.94444
21,2022-10-27,11:18:50 Z,49.50140483333333,5.9444471666666665
22,2022-10-27,11:18:55 Z,49.501341,5.944374833333333
23,2022-10-27,11:19:00 Z,49.50138483333333,5.944240333333333
24,2022-10-27,11:19:05 Z,49.501461,5.944066
25,2022-10-27,11:19:10 Z,49.501534666666664,5.943989333333334
26,2022-10-27,11:19:15 Z,49.5015765,5.9438695
27,2022-10-27,11:19:20 Z,49.50158416666667,5.9438085
28,2022-10-27,11:19:25 Z,49.5016,5.943714333333333
29,2022-10-27,11:19:30 Z,49.5016105,5.943637333333333
30,2022-10-27,11:19:35 Z,49.5016135,5.943542
31,2022-10-27,11:19:40 Z,49.5016455,5.943444333333334
32,2022-10-27,11:19:45 Z,49.501627666666664,5.9433913333333335
33,2022-10-27,11:19:50 Z,49.501658,5.943295833333333
34,2022-10-27,11:19:55 Z,49.501650833333336,5.943210666666666
35,2022-10-27,11:20:00 Z,49.501714166666666,5.943069666666666
36,2022-10-27,11:20:05 Z,49.5017605,5.9429688333333335
37,2022-10-27,11:20:10 Z,49.50179883333333,5.942832
38,2022-10-27,11:20:15 Z,49.501829,5.942715166666667
39,2022-10-27,11:20:20 Z,49.501902666666666,5.942630833333333
40,2022-10-27,11:20:25 Z,49.5019415,5.942612333333333
41,2022-10-27,11:20:30 Z,49.50193766666667,5.942551
42,2022-10-27,11:20:35 Z,49.501905666666666,5.942521833333333
43,2022-10-27,11:20:40 Z,49.501904333333336,5.9424405
44,2022-10-27,11:20:45 Z,49.501891,5.942386833333334
45,2022-10-27,11:20:50 Z,49.501931166666665,5.942276333333333
46,2022-10-27,11:20:55 Z,49.501949,5.942159666666667
47,2022-10-27,11:21:00 Z,49.501901,5.942081833333333
48,2022-10-27,11:21:05 Z,49.50198183333333,5.941917
49,2022-10-27,11:21:10 Z,49.502045333333335,5.941797
50,2022-10-27,11:21:15 Z,49.50207866666667,5.9416945
51,2022-10-27,11:21:20 Z,49.50211983333333,5.9415415
52,2022-10-27,11:21:25 Z,49.502125666666664,5.941464333333333
53,2022-10-27,11:21:30 Z,49.50214483333333,5.94137
54,2022-10-27,11:21:35 Z,49.502167666666665,5.941323166666667
55,2022-10-27,11:21:40 Z,49.50219,5.941224166666666
56,2022-10-27,11:21:45 Z,49.502274666666665,5.9411000000000005
57,2022-10-27,11:21:50 Z,49.50232366666667,5.940973333333333
58,2022-10-27,11:21:55 Z,49.50234416666667,5.940888166666666
59,2022-10-27,11:22:00 Z,49.50236066666667,5.940777
60,2022-10-27,11:22:05 Z,49.502263666666664,5.9407105
61,2022-10-27,11:22:10 Z,49.50217466666667,5.9406696666666665
62,2022-10-27,11:22:15 Z,49.502106,5.9406411666666665
63,2022-10-27,11:22:20 Z,49.502003,5.940621166666666
64,2022-10-27,11:22:25 Z,49.50193016666667,5.940605333333333
65,2022-10-27,11:22:30 Z,49.501897666666665,5.94054
66,2022-10-27,11:22:35 Z,49.5018525,5.940531333333333
67,2022-10-27,11:22:40 Z,49.501838666666664,5.940514333333334
68,2022-10-27,11:22:45 Z,49.501824666666664,5.940499166666667
69,2022-10-27,11:22:50 Z,49.501832666666665,5.940419166666667
70,2022-10-27,11:22:55 Z,49.5018385,5.940331166666667
71,2022-10-27,11:23:00 Z,49.50188933333333,5.940181333333333
72,2022-10-27,11:23:05 Z,49.5019405,5.940060833333334
73,2022-10-27,11:23:10 Z,49.50201216666667,5.939926166666667
74,2022-10-27,11:23:15 Z,49.502048,5.939694333333334
75,2022-10-27,11:23:20 Z,49.502078166666664,5.939541666666667
76,2022-10-27,11:23:25 Z,49.502104333333335,5.939483
77,2022-10-27,11:23:30 Z,49.502102666666666,5.9394325
78,2022-10-27,11:23:35 Z,49.50214316666667,5.939354333333333
79,2022-10-27,11:23:40 Z,49.502174833333335,5.9392575
80,2022-10-27,11:23:45 Z,49.5022075,5.939179333333334
81,2022-10-27,11:23:50 Z,49.502226,5.939067666666666
82,2022-10-27,11:23:55 Z,49.502249,5.9389795
83,2022-10-27,11:24:00 Z,49.502281333333336,5.93889
84,2022-10-27,11:24:05 Z,49.5023185,5.938774166666667
85,2022-10-27,11:24:10 Z,49.50234583333334,5.938686833333334
86,2022-10-27,11:24:15 Z,49.502371333333336,5.938579
87,2022-10-27,11:24:20 Z,49.50239916666666,5.938450166666667
88,2022-10-27,11:24:25 Z,49.502431666666666,5.938345666666667
89,2022-10-27,11:24:30 Z,49.502448,5.938232666666667
90,2022-10-27,11:24:35 Z,49.50247516666667,5.938155666666667
91,2022-10-27,11:24:40 Z,49.50250666666667,5.938038166666667
92,2022-10-27,11:24:45 Z,49.502532,5.937948666666666
93,2022-10-27,11:24:50 Z,49.5025465,5.9378546666666665
94,2022-10-27,11:24:55 Z,49.50257666666667,5.9377505
95,2022-10-27,11:25:00 Z,49.50260466666667,5.937674333333334
96,2022-10-27,11:25:05 Z,49.5026395,5.937570166666667
97,2022-10-27,11:25:10 Z,49.502657666666664,5.9374926666666665
98,2022-10-27,11:25:15 Z,49.502673,5.937387166666666
99,2022-10-27,11:25:20 Z,49.5026845,5.937310166666666
100,2022-10-27,11:25:25 Z,49.502698,5.9372315
101,2022-10-27,11:25:30 Z,49.5027135,5.9371488333333335
102,2022-10-27,11:25:35 Z,49.502732333333334,5.9370505
103,2022-10-27,11:25:40 Z,49.5027545,5.936975166666667
104,2022-10-27,11:25:45 Z,49.502777333333334,5.936892666666667
105,2022-10-27,11:25:50 Z,49.502777333333334,5.936890333333333
106,2022-10-27,11:25:55 Z,49.50277783333333,5.936889333333333
107,2022-10-27,11:26:00 Z,49.502781666666664,5.936889666666667
108,2022-10-27,11:26:05 Z,49.50278466666666,5.936889166666667
109,2022-10-27,11:26:10 Z,49.50278616666667,5.93689
110,2022-10-27,11:26:15 Z,49.502782833333335,5.93689
111,2022-10-27,11:26:20 Z,49.50278183333333,5.936890333333333
112,2022-10-27,11:26:25 Z,49.502785333333335,5.936888833333334
113,2022-10-27,11:26:30 Z,49.50278183333333,5.936886
114,2022-10-27,11:26:35 Z,49.502785833333334,5.9368845
115,2022-10-27,11:26:40 Z,49.5027895,5.9368818333333335
116,2022-10-27,11:26:45 Z,49.50279416666667,5.936861333333333
117,2022-10-27,11:26:50 Z,49.50279033333333,5.936859666666667
118,2022-10-27,11:26:55 Z,49.502787833333336,5.9368565
119,2022-10-27,11:27:00 Z,49.50278633333333,5.9368549999999995
120,2022-10-27,11:27:05 Z,49.50278566666667,5.9368555
121,2022-10-27,11:27:10 Z,49.5027865,5.9368566666666664
122,2022-10-27,11:27:15 Z,49.502783,5.936856833333334
123,2022-10-27,11:27:20 Z,49.502779833333335,5.936856333333333
124,2022-10-27,11:27:25 Z,49.502781166666665,5.936854333333334
125,2022-10-27,11:27:30 Z,49.502780666666666,5.9368541666666665
126,2022-10-27,11:27:35 Z,49.50277916666667,5.936853833333333
127,2022-10-27,11:27:40 Z,49.50279283333333,5.936795833333333
128,2022-10-27,11:27:45 Z,49.50281783333333,5.936717166666667
129,2022-10-27,11:27:50 Z,49.502829166666665,5.936639666666666
130,2022-10-27,11:27:55 Z,49.502851666666665,5.936568833333333
131,2022-10-27,11:28:00 Z,49.502855833333335,5.936559333333333
132,2022-10-27,11:28:05 Z,49.502859666666666,5.936560166666666
133,2022-10-27,11:28:10 Z,49.50287066666667,5.936533833333334
134,2022-10-27,11:28:15 Z,49.5028915,5.936437333333333
135,2022-10-27,11:28:20 Z,49.5029115,5.936333333333334
136,2022-10-27,11:28:25 Z,49.50293666666666,5.936268833333333
137,2022-10-27,11:28:25 Z,49.50293666666666,5.936268833333333
138,2022-10-27,11:28:30 Z,49.50296816666667,5.936265833333334
139,2022-10-27,11:28:35 Z,49.50296866666667,5.936276333333334
140,2022-10-27,11:28:40 Z,49.50299166666667,5.9363071666666665
141,2022-10-27,11:28:45 Z,49.50304383333334,5.936364333333334
142,2022-10-27,11:28:50 Z,49.503081333333334,5.936399333333333
143,2022-10-27,11:28:55 Z,49.5031485,5.9364515
144,2022-10-27,11:29:00 Z,49.503180666666665,5.9364725
145,2022-10-27,11:29:05 Z,49.503229,5.936504833333333
146,2022-10-27,11:29:10 Z,49.50328616666667,5.936546
147,2022-10-27,11:29:15 Z,49.503339,5.936567833333333
148,2022-10-27,11:29:20 Z,49.5034115,5.9366175
149,2022-10-27,11:29:25 Z,49.503482,5.936639166666667
150,2022-10-27,11:29:30 Z,49.503567333333336,5.936673
151,2022-10-27,11:29:35 Z,49.50363316666667,5.936698333333333
152,2022-10-27,11:29:40 Z,49.5036845,5.936717666666667
153,2022-10-27,11:29:45 Z,49.503766,5.9367485
154,2022-10-27,11:29:50 Z,49.50381616666667,5.936766333333333
155,2022-10-27,11:29:55 Z,49.503875,5.9367841666666665
156,2022-10-27,11:30:00 Z,49.50393616666667,5.936829166666667
157,2022-10-27,11:30:05 Z,49.50399,5.936870666666667
158,2022-10-27,11:30:10 Z,49.504060833333334,5.9368995
159,2022-10-27,11:30:15 Z,49.50414816666667,5.93694
160,2022-10-27,11:30:20 Z,49.50420833333333,5.936964166666667
161,2022-10-27,11:30:25 Z,49.504256833333336,5.9370025
162,2022-10-27,11:30:30 Z,49.504337,5.9370435
163,2022-10-27,11:30:35 Z,49.50440783333333,5.937093833333334
164,2022-10-27,11:30:40 Z,49.5044605,5.9371275
165,2022-10-27,11:30:45 Z,49.504523166666665,5.937164833333333
166,2022-10-27,11:30:50 Z,49.50458883333334,5.937207666666667
167,2022-10-27,11:30:55 Z,49.504645833333335,5.937183
168,2022-10-27,11:31:00 Z,49.504660333333334,5.937057666666667
169,2022-10-27,11:31:05 Z,49.50468333333333,5.9369325
170,2022-10-27,11:31:10 Z,49.5047165,5.936815666666667
171,2022-10-27,11:31:15 Z,49.5047775,5.936718666666667
172,2022-10-27,11:31:20 Z,49.504814833333334,5.936653
173,2022-10-27,11:31:25 Z,49.50486266666667,5.936594166666667
174,2022-10-27,11:31:30 Z,49.50493433333333,5.936515666666667
175,2022-10-27,11:31:35 Z,49.504989333333334,5.936446166666666
176,2022-10-27,11:31:40 Z,49.505030833333336,5.936390333333334
177,2022-10-27,11:31:45 Z,49.505083666666664,5.936316
178,2022-10-27,11:31:50 Z,49.5051315,5.936236166666666
179,2022-10-27,11:31:55 Z,49.50515933333333,5.9361745
180,2022-10-27,11:32:00 Z,49.505209,5.936105833333333
181,2022-10-27,11:32:05 Z,49.50526116666666,5.9360455000000005
182,2022-10-27,11:32:10 Z,49.505317833333336,5.935974166666667
183,2022-10-27,11:32:15 Z,49.505367166666666,5.935897333333333
184,2022-10-27,11:32:20 Z,49.5054315,5.935806666666666
185,2022-10-27,11:32:25 Z,49.505492,5.935715
186,2022-10-27,11:32:30 Z,49.5055475,5.935640333333334
187,2022-10-27,11:32:35 Z,49.50559366666667,5.935589
188,2022-10-27,11:32:40 Z,49.50564416666667,5.935518166666666
189,2022-10-27,11:32:45 Z,49.505707666666666,5.935425666666667
190,2022-10-27,11:32:50 Z,49.505756166666664,5.9353445
191,2022-10-27,11:32:55 Z,49.50579833333333,5.935287333333333
192,2022-10-27,11:33:00 Z,49.50585066666667,5.935302833333333
193,2022-10-27,11:33:05 Z,49.50590166666667,5.9353795
194,2022-10-27,11:33:10 Z,49.505937333333335,5.935442
195,2022-10-27,11:33:15 Z,49.50597583333333,5.935530833333333
196,2022-10-27,11:33:20 Z,49.5060065,5.935594
197,2022-10-27,11:33:25 Z,49.506053666666666,5.9356765
198,2022-10-27,11:33:30 Z,49.5060885,5.935741666666667
199,2022-10-27,11:33:35 Z,49.50614566666667,5.935829666666667
200,2022-10-27,11:33:40 Z,49.50618983333333,5.935883333333333
201,2022-10-27,11:33:45 Z,49.506245666666665,5.9359385
202,2022-10-27,11:33:50 Z,49.506288166666664,5.936008
203,2022-10-27,11:33:55 Z,49.506337333333335,5.9360655
204,2022-10-27,11:34:00 Z,49.506380666666665,5.936162833333333
205,2022-10-27,11:34:05 Z,49.506421333333336,5.936224666666667
206,2022-10-27,11:34:10 Z,49.506473666666665,5.936292
207,2022-10-27,11:34:15 Z,49.5065115,5.936369333333333
208,2022-10-27,11:34:20 Z,49.506525833333335,5.936432166666666
209,2022-10-27,11:34:25 Z,49.50654216666667,5.936473333333334
210,2022-10-27,11:34:30 Z,49.506579,5.936510833333333
211,2022-10-27,11:34:35 Z,49.50660716666667,5.936589833333334
212,2022-10-27,11:34:40 Z,49.506656666666665,5.936676666666667
213,2022-10-27,11:34:45 Z,49.506691833333335,5.936741166666667
214,2022-10-27,11:34:50 Z,49.5067455,5.936837166666667
215,2022-10-27,11:34:55 Z,49.5067845,5.936898333333334
216,2022-10-27,11:35:00 Z,49.506837166666664,5.936964
217,2022-10-27,11:35:05 Z,49.5068985,5.9370525
218,2022-10-27,11:35:10 Z,49.50693733333333,5.937100666666667
219,2022-10-27,11:35:15 Z,49.506933333333336,5.9371755
220,2022-10-27,11:35:20 Z,49.506909,5.937244
221,2022-10-27,11:35:25 Z,49.5068635,5.937313166666667
222,2022-10-27,11:35:30 Z,49.50681816666667,5.937413833333333
223,2022-10-27,11:35:35 Z,49.50677983333333,5.9375155
224,2022-10-27,11:35:40 Z,49.50674516666667,5.937588
225,2022-10-27,11:35:45 Z,49.506717,5.937668
226,2022-10-27,11:35:50 Z,49.506673166666666,5.937759833333334
227,2022-10-27,11:35:55 Z,49.506610333333334,5.937860833333334
228,2022-10-27,11:36:00 Z,49.506568666666666,5.937957833333334
229,2022-10-27,11:36:05 Z,49.506542333333336,5.938025333333333
230,2022-10-27,11:36:10 Z,49.5065,5.938105333333334
231,2022-10-27,11:36:15 Z,49.506455333333335,5.938219833333333
232,2022-10-27,11:36:20 Z,49.506411166666666,5.938321666666667
233,2022-10-27,11:36:25 Z,49.50638083333333,5.938403666666667
234,2022-10-27,11:36:30 Z,49.50635333333334,5.9384801666666664
235,2022-10-27,11:36:35 Z,49.506307,5.938570666666667
236,2022-10-27,11:36:40 Z,49.50626416666667,5.938663
237,2022-10-27,11:36:45 Z,49.50622166666667,5.938758833333333
238,2022-10-27,11:36:50 Z,49.50617366666667,5.938853333333333
239,2022-10-27,11:36:55 Z,49.50611983333334,5.9389435
240,2022-10-27,11:37:00 Z,49.506060166666664,5.939025166666667
241,2022-10-27,11:37:05 Z,49.505981166666665,5.939089833333333
242,2022-10-27,11:37:10 Z,49.50592133333333,5.939148666666666
243,2022-10-27,11:37:15 Z,49.50587083333333,5.9391795
244,2022-10-27,11:37:20 Z,49.505808333333334,5.939195166666667
245,2022-10-27,11:37:25 Z,49.5057315,5.939202
246,2022-10-27,11:37:30 Z,49.505651,5.939199166666667
247,2022-10-27,11:37:35 Z,49.5055615,5.9391731666666665
248,2022-10-27,11:37:40 Z,49.50553566666667,5.939182333333333
249,2022-10-27,11:37:45 Z,49.50546166666667,5.939144333333333
250,2022-10-27,11:37:50 Z,49.505424166666664,5.9390971666666665
251,2022-10-27,11:37:55 Z,49.50538183333333,5.939028666666667
252,2022-10-27,11:38:00 Z,49.50532666666667,5.938950666666667
253,2022-10-27,11:38:05 Z,49.505273,5.938876666666666
254,2022-10-27,11:38:10 Z,49.505211833333334,5.938788166666667
255,2022-10-27,11:38:15 Z,49.50514183333333,5.938676833333333
256,2022-10-27,11:38:20 Z,49.505073333333335,5.938577333333333
257,2022-10-27,11:38:25 Z,49.50501416666667,5.9384625
258,2022-10-27,11:38:30 Z,49.504973666666665,5.9383653333333335
259,2022-10-27,11:38:35 Z,49.504953666666665,5.938303666666666
260,2022-10-27,11:38:40 Z,49.5049355,5.938202666666667
261,2022-10-27,11:38:45 Z,49.504925666666665,5.938077166666667
262,2022-10-27,11:38:50 Z,49.504912,5.937992166666667
263,2022-10-27,11:38:55 Z,49.5049005,5.937912166666667
264,2022-10-27,11:39:00 Z,49.504881833333336,5.9378095
265,2022-10-27,11:39:05 Z,49.504869,5.937728
266,2022-10-27,11:39:10 Z,49.50485233333333,5.937610833333333
267,2022-10-27,11:39:15 Z,49.50483666666667,5.937525
268,2022-10-27,11:39:20 Z,49.50482916666667,5.937430666666667
269,2022-10-27,11:39:25 Z,49.504808833333335,5.937311
270,2022-10-27,11:39:30 Z,49.50477,5.937251166666667
271,2022-10-27,11:39:35 Z,49.50470766666667,5.9372025
272,2022-10-27,11:39:40 Z,49.50463283333333,5.937139166666666
273,2022-10-27,11:39:45 Z,49.504573666666666,5.93712
274,2022-10-27,11:39:50 Z,49.504512,5.937078166666667
275,2022-10-27,11:39:55 Z,49.504451833333334,5.937053
276,2022-10-27,11:40:00 Z,49.5043895,5.937019666666666
277,2022-10-27,11:40:05 Z,49.50430083333333,5.9369689999999995
278,2022-10-27,11:40:10 Z,49.5042105,5.936922166666667
279,2022-10-27,11:40:15 Z,49.5041265,5.936868666666666
280,2022-10-27,11:40:20 Z,49.50407216666667,5.936836333333334
281,2022-10-27,11:40:25 Z,49.504018333333335,5.936798333333334
282,2022-10-27,11:40:30 Z,49.5039795,5.936763166666667
283,2022-10-27,11:40:35 Z,49.50393316666667,5.936700666666667
284,2022-10-27,11:40:40 Z,49.50385516666667,5.936667666666667
285,2022-10-27,11:40:45 Z,49.50377,5.936634833333334
286,2022-10-27,11:40:50 Z,49.50369116666667,5.936599166666666
287,2022-10-27,11:40:55 Z,49.503628166666665,5.936580166666666
288,2022-10-27,11:41:00 Z,49.503581,5.936563
289,2022-10-27,11:41:05 Z,49.50351666666667,5.936521333333333
290,2022-10-27,11:41:10 Z,49.50344283333333,5.936485833333333
291,2022-10-27,11:41:15 Z,49.50338466666667,5.936467333333333
292,2022-10-27,11:41:20 Z,49.503332,5.9364295
293,2022-10-27,11:41:25 Z,49.50327166666667,5.936387
294,2022-10-27,11:41:30 Z,49.5032665,5.936382666666667
295,2022-10-27,11:41:35 Z,49.50326183333333,5.936370166666666
296,2022-10-27,11:41:40 Z,49.5032645,5.936369333333333
297,2022-10-27,11:41:45 Z,49.5032665,5.936373333333333
298,2022-10-27,11:41:50 Z,49.50325733333333,5.936368333333333
299,2022-10-27,11:41:55 Z,49.5032505,5.9363755000000005
300,2022-10-27,11:41:55 Z,49.5032505,5.9363755000000005
301,2022-10-27,11:42:00 Z,49.503237,5.936365833333333
302,2022-10-27,11:42:05 Z,49.503224,5.9363585
303,2022-10-27,11:42:10 Z,49.5032165,5.9363383333333335
304,2022-10-27,11:42:15 Z,49.503217166666666,5.936330833333333
305,2022-10-27,11:42:20 Z,49.50321066666667,5.93638
306,2022-10-27,11:42:25 Z,49.503199333333335,5.9364558333333335
307,2022-10-27,11:42:30 Z,49.5031525,5.936504333333334
308,2022-10-27,11:42:35 Z,49.50314133333333,5.936584666666667
309,2022-10-27,11:42:40 Z,49.50311666666666,5.9366615
310,2022-10-27,11:42:45 Z,49.503061333333335,5.936650333333334
311,2022-10-27,11:42:50 Z,49.502985,5.936625
312,2022-10-27,11:42:55 Z,49.502916666666664,5.936622833333333
313,2022-10-27,11:43:00 Z,49.502902166666665,5.9367
314,2022-10-27,11:43:05 Z,49.502883,5.936795166666666
315,2022-10-27,11:43:10 Z,49.50285866666667,5.936884166666667
316,2022-10-27,11:43:15 Z,49.502834,5.936984
317,2022-10-27,11:43:20 Z,49.50280716666666,5.937067666666667
318,2022-10-27,11:43:25 Z,49.50278316666667,5.937173
319,2022-10-27,11:43:30 Z,49.50275166666667,5.937274
320,2022-10-27,11:43:35 Z,49.50271716666666,5.9374015
321,2022-10-27,11:43:40 Z,49.502686,5.937509333333333
322,2022-10-27,11:43:45 Z,49.502653,5.937627
323,2022-10-27,11:43:50 Z,49.502626666666664,5.937752166666667
324,2022-10-27,11:43:55 Z,49.50259466666667,5.9378831666666665
325,2022-10-27,11:44:00 Z,49.50256433333333,5.938025333333333
326,2022-10-27,11:44:05 Z,49.502539166666665,5.9381135
327,2022-10-27,11:44:10 Z,49.5025085,5.938195666666667
328,2022-10-27,11:44:15 Z,49.50245266666667,5.9381865000000005
329,2022-10-27,11:44:20 Z,49.502432166666665,5.938254166666667
330,2022-10-27,11:44:25 Z,49.50242016666667,5.938370666666667
331,2022-10-27,11:44:30 Z,49.50239,5.938476
332,2022-10-27,11:44:35 Z,49.5023635,5.938550666666667
333,2022-10-27,11:44:40 Z,49.502330666666666,5.938624666666667
334,2022-10-27,11:44:45 Z,49.5023025,5.938723666666666
335,2022-10-27,11:44:50 Z,49.502277666666664,5.938815666666667
336,2022-10-27,11:44:55 Z,49.50225,5.938928833333334
337,2022-10-27,11:45:00 Z,49.50221583333333,5.939069
338,2022-10-27,11:45:05 Z,49.50217933333333,5.939183
339,2022-10-27,11:45:10 Z,49.5021585,5.9392775
340,2022-10-27,11:45:15 Z,49.50215766666667,5.939371166666667
341,2022-10-27,11:45:20 Z,49.5021335,5.939491666666667
342,2022-10-27,11:45:25 Z,49.502121,5.9395825
343,2022-10-27,11:45:30 Z,49.502091666666665,5.939685166666667
344,2022-10-27,11:45:35 Z,49.502075,5.9397605
345,2022-10-27,11:45:40 Z,49.502056333333336,5.939876333333333
346,2022-10-27,11:45:45 Z,49.502036,5.9399355
347,2022-10-27,11:45:50 Z,49.50199933333333,5.940050666666666
348,2022-10-27,11:45:55 Z,49.50195983333333,5.940130666666667
349,2022-10-27,11:46:00 Z,49.501943,5.9402245
350,2022-10-27,11:46:05 Z,49.5019345,5.940322
351,2022-10-27,11:46:05 Z,49.5019345,5.940322
352,2022-10-27,11:46:10 Z,49.501954833333336,5.940405666666667
353,2022-10-27,11:46:15 Z,49.50200016666667,5.940430666666667
354,2022-10-27,11:46:20 Z,49.502009666666666,5.9404699999999995
355,2022-10-27,11:46:25 Z,49.50206633333333,5.9406335
356,2022-10-27,11:46:30 Z,49.502134,5.940734833333334
357,2022-10-27,11:46:35 Z,49.502162166666665,5.940788666666666
358,2022-10-27,11:46:40 Z,49.50218066666667,5.940804
359,2022-10-27,11:46:45 Z,49.502201166666666,5.940822666666667
360,2022-10-27,11:46:50 Z,49.502235666666664,5.940792
361,2022-10-27,11:46:55 Z,49.502260166666666,5.9407455
362,2022-10-27,11:47:00 Z,49.5022935,5.9406845
363,2022-10-27,11:47:05 Z,49.502333166666666,5.940659166666666
364,2022-10-27,11:47:10 Z,49.502360833333334,5.940674666666666
365,2022-10-27,11:47:15 Z,49.50241666666667,5.940754833333333
366,2022-10-27,11:47:20 Z,49.50245183333333,5.940860333333333
367,2022-10-27,11:47:25 Z,49.502468666666665,5.9409495
368,2022-10-27,11:47:30 Z,49.502485166666666,5.9410745
369,2022-10-27,11:47:35 Z,49.50250183333333,5.941219
370,2022-10-27,11:47:40 Z,49.502503,5.9413073333333335
371,2022-10-27,11:47:45 Z,49.502496666666666,5.941431166666667
372,2022-10-27,11:47:50 Z,49.50244433333334,5.9415553333333335
373,2022-10-27,11:47:55 Z,49.5024365,5.941627666666667
374,2022-10-27,11:48:00 Z,49.502454166666666,5.941704
375,2022-10-27,11:48:05 Z,49.50245666666667,5.941822166666666
376,2022-10-27,11:48:10 Z,49.50242983333333,5.9418805
377,2022-10-27,11:48:15 Z,49.502396,5.941942
378,2022-10-27,11:48:20 Z,49.5023495,5.941953333333333
379,2022-10-27,11:48:25 Z,49.502336166666666,5.942052666666667
380,2022-10-27,11:48:30 Z,49.502318,5.9422093333333335
381,2022-10-27,11:48:35 Z,49.50229683333333,5.942419
382,2022-10-27,11:48:40 Z,49.502272166666664,5.942627833333333
383,2022-10-27,11:48:45 Z,49.50227433333333,5.942765666666666
384,2022-10-27,11:48:50 Z,49.502280166666665,5.942840333333333
385,2022-10-27,11:48:55 Z,49.50226683333333,5.9429145
386,2022-10-27,11:49:00 Z,49.502257,5.9429913333333335
387,2022-10-27,11:49:05 Z,49.50227366666667,5.943106
388,2022-10-27,11:49:10 Z,49.502260166666666,5.943211166666667
389,2022-10-27,11:49:15 Z,49.50221583333333,5.943252666666667
390,2022-10-27,11:49:20 Z,49.50212066666667,5.943263166666666
391,2022-10-27,11:49:25 Z,49.502089166666664,5.9432815
392,2022-10-27,11:49:30 Z,49.502081,5.943378666666667
393,2022-10-27,11:49:35 Z,49.50205033333334,5.9435085
394,2022-10-27,11:49:40 Z,49.50202766666666,5.943607833333333
395,2022-10-27,11:49:45 Z,49.5020035,5.943681
396,2022-10-27,11:49:50 Z,49.50200916666667,5.9437365
397,2022-10-27,11:49:55 Z,49.501990666666664,5.943834166666667
398,2022-10-27,11:50:00 Z,49.50196316666667,5.9439538333333335
399,2022-10-27,11:50:05 Z,49.501950666666666,5.9440855
400,2022-10-27,11:50:10 Z,49.50196783333333,5.9441725000000005
401,2022-10-27,11:50:15 Z,49.502019,5.9443435000000004
402,2022-10-27,11:50:20 Z,49.50207483333333,5.94448
403,2022-10-27,11:50:25 Z,49.50211816666667,5.944578
404,2022-10-27,11:50:30 Z,49.502122166666666,5.944673333333333
405,2022-10-27,11:50:35 Z,49.502133666666666,5.944770833333333
406,2022-10-27,11:50:40 Z,49.50215566666667,5.944889833333333
407,2022-10-27,11:50:45 Z,49.5021895,5.94498
408,2022-10-27,11:50:50 Z,49.50222566666667,5.9449819999999995
409,2022-10-27,11:50:55 Z,49.50228833333333,5.945026166666667
410,2022-10-27,11:50:55 Z,49.50228833333333,5.945026166666667
411,2022-10-27,11:51:00 Z,49.502337,5.945063
412,2022-10-27,11:51:05 Z,49.502392666666665,5.945083666666667
413,2022-10-27,11:51:10 Z,49.502442,5.945109
414,2022-10-27,11:51:15 Z,49.502505,5.9451305
415,2022-10-27,11:51:20 Z,49.502567,5.945146666666666
416,2022-10-27,11:51:25 Z,49.502637166666666,5.945180833333334
417,2022-10-27,11:51:30 Z,49.502694166666664,5.945231
418,2022-10-27,11:51:35 Z,49.502756,5.9453395
419,2022-10-27,11:51:40 Z,49.50282133333333,5.9454468333333335
420,2022-10-27,11:51:45 Z,49.50288366666667,5.945436833333334
421,2022-10-27,11:51:50 Z,49.50294733333333,5.9454705
422,2022-10-27,11:51:55 Z,49.5029585,5.9455089999999995
423,2022-10-27,11:52:00 Z,49.50296566666667,5.9455495
424,2022-10-27,11:52:05 Z,49.50297,5.945534666666667
425,2022-10-27,11:52:10 Z,49.50298216666667,5.945489333333334
426,2022-10-27,11:52:15 Z,49.50299,5.945449166666666
427,2022-10-27,11:52:20 Z,49.503001,5.945413666666667
428,2022-10-27,11:52:25 Z,49.503011,5.945380166666666
429,2022-10-27,11:52:30 Z,49.50302,5.945358333333333
430,2022-10-27,11:52:35 Z,49.5030205,5.945348
431,2022-10-27,11:52:40 Z,49.503019,5.9453135
432,2022-10-27,11:52:40 Z,49.503019,5.9453135
433,2022-10-27,11:52:45 Z,49.503028666666665,5.9452861666666665
434,2022-10-27,11:52:50 Z,49.5030315,5.9452655
435,2022-10-27,11:52:55 Z,49.503033333333335,5.945241833333333
436,2022-10-27,11:53:00 Z,49.50302966666667,5.945225
437,2022-10-27,11:53:05 Z,49.503026166666665,5.945205333333333
438,2022-10-27,11:53:10 Z,49.5030155,5.945222833333333
439,2022-10-27,11:53:15 Z,49.503010833333335,5.9452731666666665
440,2022-10-27,11:53:20 Z,49.503007,5.945336
441,2022-10-27,11:53:25 Z,49.50301133333333,5.945388833333333
442,2022-10-27,11:53:30 Z,49.50301566666667,5.9454563333333335
443,2022-10-27,11:53:35 Z,49.503068,5.945452833333333
444,2022-10-27,11:53:40 Z,49.503139833333336,5.945417333333333
445,2022-10-27,11:53:45 Z,49.50318933333333,5.945475833333333
446,2022-10-27,11:53:50 Z,49.503222,5.945628
447,2022-10-27,11:53:55 Z,49.50326183333333,5.945733166666667
448,2022-10-27,11:54:00 Z,49.503283,5.945739666666666
449,2022-10-27,11:54:05 Z,49.503279166666665,5.945768
450,2022-10-27,11:54:10 Z,49.50330016666667,5.945819166666666
451,2022-10-27,11:54:15 Z,49.503381,5.945725833333333
452,2022-10-27,11:54:20 Z,49.5034865,5.945690333333333
453,2022-10-27,11:54:25 Z,49.5035535,5.945812
454,2022-10-27,11:54:30 Z,49.503592166666664,5.9459375
455,2022-10-27,11:54:35 Z,49.5036355,5.9459975
456,2022-10-27,11:54:40 Z,49.503656166666666,5.946092833333333
457,2022-10-27,11:54:45 Z,49.50369883333333,5.946170333333333
458,2022-10-27,11:54:50 Z,49.50375483333333,5.946276
459,2022-10-27,11:54:55 Z,49.503778,5.946357833333334
460,2022-10-27,11:55:00 Z,49.503783,5.9464179999999995
461,2022-10-27,11:55:05 Z,49.503764,5.946498666666667
462,2022-10-27,11:55:10 Z,49.503752,5.946565166666667
463,2022-10-27,11:55:15 Z,49.5037525,5.9466201666666665
464,2022-10-27,11:55:20 Z,49.503762333333334,5.946657
465,2022-10-27,11:55:25 Z,49.50377683333333,5.946705333333333
466,2022-10-27,11:55:30 Z,49.503780666666664,5.946754666666667
467,2022-10-27,11:55:35 Z,49.503781833333335,5.946860333333333
468,2022-10-27,11:55:40 Z,49.50378883333333,5.946973166666667
469,2022-10-27,11:55:45 Z,49.5037625,5.947039333333334
470,2022-10-27,11:55:50 Z,49.503762,5.947102833333333
471,2022-10-27,11:55:55 Z,49.503766,5.947165666666667
472,2022-10-27,11:56:00 Z,49.5038005,5.947212666666667
473,2022-10-27,11:56:05 Z,49.50384533333333,5.947283666666666
474,2022-10-27,11:56:10 Z,49.503911,5.9473199999999995
475,2022-10-27,11:56:15 Z,49.50397616666667,5.947348
476,2022-10-27,11:56:20 Z,49.504035,5.947397333333333
477,2022-10-27,11:56:25 Z,49.504100666666666,5.9474205
478,2022-10-27,11:56:30 Z,49.50413316666667,5.947443
479,2022-10-27,11:56:35 Z,49.504157,5.947431333333333
480,2022-10-27,11:56:40 Z,49.50420616666667,5.947423666666666
481,2022-10-27,11:56:45 Z,49.504277333333334,5.9474125
482,2022-10-27,11:56:50 Z,49.504318166666664,5.947396333333334
483,2022-10-27,11:56:55 Z,49.504349833333336,5.947376833333333
484,2022-10-27,11:57:00 Z,49.50437766666667,5.947363666666667
485,2022-10-27,11:57:05 Z,49.50442266666667,5.9473575
486,2022-10-27,11:57:10 Z,49.50445233333333,5.947349666666667
487,2022-10-27,11:57:15 Z,49.5044505,5.947343333333333
488,2022-10-27,11:57:20 Z,49.504409,5.947327666666666
489,2022-10-27,11:57:25 Z,49.504357,5.947330333333333
490,2022-10-27,11:57:30 Z,49.50430133333333,5.947349
491,2022-10-27,11:57:35 Z,49.504219166666665,5.947343
492,2022-10-27,11:57:40 Z,49.5041735,5.9473215
493,2022-10-27,11:57:45 Z,49.5041415,5.947287833333333
494,2022-10-27,11:57:50 Z,49.5041345,5.947252833333334
495,2022-10-27,11:57:55 Z,49.504094,5.947247833333334
496,2022-10-27,11:58:00 Z,49.504044,5.9472645
497,2022-10-27,11:58:05 Z,49.50400533333333,5.9472906666666665
498,2022-10-27,11:58:10 Z,49.5039675,5.947310833333333
499,2022-10-27,11:58:15 Z,49.503938,5.9473385
500,2022-10-27,11:58:20 Z,49.50394216666667,5.947558833333334
501,2022-10-27,11:58:25 Z,49.50393316666667,5.947591
502,2022-10-27,11:58:30 Z,49.5039355,5.9476371666666665
