rid,llid,true_bear,magn_bear,spd_knots,spd_kmh
0,0,,,,
1,0,,,,
2,0,,,,
3,0,,,,
4,0,,,,
5,0,,,,
6,0,,,,
7,0,,,,
8,0,,,,
9,0,,,,
10,0,,,,
11,0,,,,
12,0,,,,
13,0,,,,
14,0,,,,
15,0,,,,
16,0,,,,
17,0,,,,
18,0,,,,
19,0,,,,
20,0,,,,
21,0,,,,
22,0,,,,
23,0,,,,
24,0,,,,
25,0,,,,
26,0,,,,
27,0,,,,
28,0,,,,
29,0,,,,
30,0,,,,
31,0,,,,
32,0,,,,
33,0,,,,
34,0,,,,
35,0,,,,
36,0,,,,
37,0,,,,
38,0,,,,
39,0,,,,
40,0,,,,
41,0,,,,
42,0,,,,
43,0,,,,
44,0,,,,
45,0,,,,
46,0,,,,
47,0,,,,
48,0,,,,
49,0,,,,
50,0,,,,
51,0,,,,
52,0,,,,
53,0,,,,
54,0,,,,
55,0,,,,
56,0,,,,
57,0,,,,
58,0,,,,
59,0,,,,
60,0,,,,
61,0,,,,
62,0,,,,
63,0,,,,
64,0,,,,
65,0,,,,
66,0,,,,
67,0,,,,
68,0,,,,
69,0,,,,
70,0,,,,
71,0,,,,
72,0,,,,
73,0,,,,
74,0,,,,
75,0,,,,
76,0,,,,
77,0,,,,
78,0,,,,
79,0,,,,
80,0,,,0.0,0.0
81,1,,,,
82,1,,,,
83,1,,,0.0,0.0
84,2,,,0.0,0.0
85,3,,,0.0,0.0
86,4,,,0.0,0.0
87,5,,,0.0,0.0
88,6,,,0.0,0.0
89,7,,,0.0,0.0
90,8,,,0.0,0.0
91,9,230.9,230.9,1.2,2.3
92,10,,,0.0,0.0
93,11,,,0.0,0.0
94,12,,,0.0,0.0
95,13,,,0.0,0.0
96,14,,,0.0,0.0
97,15,,,0.0,0.0
98,16,,,0.0,0.0
99,17,185.0,185.0,1.0,1.9
100,18,192.3,192.3,1.2,2.3
101,19,215.2,215.2,1.7,3.2
102,20,204.2,204.2,2.3,4.3
103,21,204.4,204.4,2.1,4.0
104,22,173.6,173.6,2.1,3.9
105,23,157.1,157.1,2.2,4.0
106,24,147.7,147.7,1.4,2.6
107,25,154.3,154.3,1.4,2.5
108,26,187.0,187.0,1.7,3.1
109,27,180.5,180.5,0.6,1.2
110,28,190.9,190.9,1.3,2.4
111,29,198.4,198.4,1.8,3.3
112,30,182.0,182.0,2.0,3.8
113,31,181.9,181.9,1.5,2.8
114,32,181.9,181.9,0.7,1.3
115,33,182.0,182.0,0.8,1.4
116,34,182.0,182.0,2.1,3.9
117,35,182.2,182.2,2.4,4.4
118,36,178.0,178.0,2.0,3.7
119,37,178.1,178.1,2.9,5.4
120,38,178.1,178.1,1.7,3.1
121,39,178.1,178.1,2.7,4.9
122,40,178.1,178.1,1.7,3.1
123,41,178.1,178.1,0.7,1.3
124,42,178.1,178.1,0.3,0.6
125,43,178.0,178.0,1.0,1.9
126,44,178.0,178.0,1.0,1.8
127,45,178.0,178.0,0.8,1.4
128,46,178.0,178.0,2.4,4.5
129,47,178.0,178.0,1.9,3.6
130,48,178.0,178.0,1.8,3.3
131,49,178.0,178.0,1.4,2.7
132,50,178.0,178.0,1.3,2.5
133,51,178.0,178.0,0.3,0.6
134,52,178.0,178.0,0.4,0.8
135,53,178.0,178.0,1.1,2.1
136,54,178.0,178.0,1.5,2.8
137,55,178.0,178.0,0.5,0.9
138,56,178.0,178.0,0.9,1.7
139,57,178.0,178.0,1.1,2.1
140,58,163.7,163.7,2.0,3.7
141,59,178.0,178.0,0.9,1.7
142,60,178.0,178.0,0.6,1.2
143,61,178.0,178.0,1.1,2.1
144,62,178.0,178.0,1.0,1.8
145,63,178.0,178.0,0.9,1.6
146,64,178.0,178.0,1.1,2.1
147,65,178.0,178.0,1.0,1.9
148,66,180.1,180.1,1.9,3.5
149,67,180.3,180.3,1.7,3.2
150,68,180.4,180.4,0.7,1.3
151,69,,,0.0,0.0
152,70,180.3,180.3,1.5,2.7
153,71,180.3,180.3,0.5,0.9
154,72,180.4,180.4,0.6,1.2
155,73,,,0.0,0.0
156,74,180.5,180.5,0.7,1.2
157,75,227.3,227.3,0.8,1.5
158,76,,,0.0,0.0
159,77,227.3,227.3,0.9,1.7
160,78,,,0.0,0.0
161,79,,,0.0,0.0
162,80,,,0.0,0.0
163,81,227.4,227.4,0.4,0.7
164,82,227.4,227.4,1.0,1.9
165,83,227.4,227.4,0.7,1.4
166,84,227.4,227.4,0.5,0.9
167,85,227.4,227.4,0.8,1.4
168,86,227.4,227.4,1.0,1.8
169,87,227.4,227.4,1.2,2.2
170,88,,,0.0,0.0
171,89,,,0.0,0.0
172,90,,,0.0,0.0
173,91,,,0.0,0.0
174,92,227.4,227.4,1.0,1.9
175,93,,,0.0,0.0
176,94,,,0.0,0.0
177,95,227.4,227.4,0.7,1.4
178,96,227.4,227.4,0.7,1.3
179,97,227.4,227.4,0.8,1.5
180,98,338.7,338.7,1.2,2.2
181,99,227.4,227.4,0.6,1.0
182,100,227.4,227.4,0.5,0.9
183,101,141.4,141.4,1.7,3.1
184,102,169.5,169.5,2.1,3.9
185,103,167.4,167.4,1.2,2.2
186,104,167.8,167.8,0.4,0.7
187,105,,,0.0,0.0
188,106,166.3,166.3,1.8,3.4
189,107,166.3,166.3,1.6,3.0
190,108,166.3,166.3,1.4,2.6
191,109,166.3,166.3,0.4,0.7
192,110,166.3,166.3,0.8,1.5
193,111,,,0.0,0.0
194,112,,,0.0,0.0
195,113,,,0.0,0.0
196,114,,,0.0,0.0
197,115,166.3,166.3,1.7,3.1
198,116,166.3,166.3,1.0,1.9
199,117,166.3,166.3,1.3,2.5
200,118,118.5,118.5,1.7,3.1
201,119,166.3,166.3,1.2,2.2
202,120,166.3,166.3,1.3,2.4
203,121,166.3,166.3,0.9,1.7
204,122,166.3,166.3,0.8,1.5
205,123,157.1,157.1,1.6,3.0
206,124,166.3,166.3,0.8,1.5
207,125,148.9,148.9,2.1,3.8
208,126,166.3,166.3,1.0,1.9
209,127,161.1,161.1,2.1,3.9
210,128,154.8,154.8,2.1,3.9
211,129,146.2,146.2,2.4,4.5
212,130,153.1,153.1,2.5,4.6
213,131,160.6,160.6,2.1,3.9
214,132,163.9,163.9,1.3,2.4
215,133,132.3,132.3,0.9,1.7
216,134,166.3,166.3,0.3,0.6
217,135,4.2,4.2,1.2,2.3
218,136,166.3,166.3,0.8,1.5
219,137,35.4,35.4,1.0,1.9
220,138,130.1,130.1,1.1,2.0
221,139,177.2,177.2,1.2,2.2
222,140,196.1,196.1,1.2,2.3
223,141,238.6,238.6,1.0,1.8
224,142,236.6,236.6,0.8,1.5
225,143,,,0.0,0.0
226,144,340.7,340.7,1.2,2.2
227,145,299.5,299.5,1.2,2.2
228,146,255.2,255.2,2.7,4.9
229,147,225.7,225.7,1.5,2.8
230,148,,,0.0,0.0
231,149,206.2,206.2,0.5,1.0
232,150,250.6,250.6,0.6,1.2
233,151,188.7,188.7,1.4,2.5
234,152,151.7,151.7,1.4,2.6
235,153,,,0.0,0.0
236,154,142.0,142.0,1.2,2.3
237,155,148.5,148.5,2.0,3.7
238,156,155.8,155.8,1.8,3.3
239,157,148.2,148.2,0.6,1.2
240,158,144.0,144.0,0.5,0.9
241,159,,,0.0,0.0
242,160,339.8,339.8,1.3,2.4
243,161,293.2,293.2,0.7,1.4
244,162,300.0,300.0,0.6,1.2
245,163,351.4,351.4,1.5,2.8
246,164,347.2,347.2,0.3,0.6
247,165,325.8,325.8,1.3,2.5
248,166,243.2,243.2,1.3,2.3
249,167,228.2,228.2,2.1,3.9
250,168,209.2,209.2,1.5,2.8
251,169,228.5,228.5,0.6,1.1
252,170,256.6,256.6,1.1,2.1
253,171,273.2,273.2,0.7,1.3
254,172,243.2,243.2,0.7,1.3
255,173,224.2,224.2,1.9,3.6
256,174,227.1,227.1,2.1,4.0
257,175,219.5,219.5,2.0,3.7
258,176,214.2,214.2,1.9,3.6
259,177,212.5,212.5,2.1,4.0
260,178,224.2,224.2,2.4,4.5
261,179,171.5,171.5,2.2,4.0
262,180,171.6,171.6,0.8,1.5
263,181,171.7,171.7,1.2,2.2
264,182,171.7,171.7,2.3,4.2
265,183,171.7,171.7,2.0,3.6
266,184,202.8,202.8,2.2,4.1
267,185,203.0,203.0,2.5,4.6
268,186,203.0,203.0,1.8,3.3
269,187,203.1,203.1,1.9,3.5
270,188,203.2,203.2,1.0,1.9
271,189,203.3,203.3,2.3,4.3
272,190,203.3,203.3,2.5,4.7
273,191,222.1,222.1,3.1,5.8
274,192,232.6,232.6,3.0,5.5
275,193,245.5,245.5,3.1,5.8
276,194,242.4,242.4,2.0,3.8
277,195,231.6,231.6,1.8,3.3
278,196,218.3,218.3,2.5,4.6
279,197,212.5,212.5,2.5,4.6
280,198,223.0,223.0,2.1,3.9
281,199,203.6,203.6,0.8,1.5
282,200,258.3,258.3,1.9,3.5
283,201,284.3,284.3,3.3,6.1
284,202,292.9,292.9,2.4,4.4
285,203,289.0,289.0,2.9,5.3
286,204,291.0,291.0,2.8,5.1
287,205,289.6,289.6,2.8,5.1
288,206,292.4,292.4,3.4,6.2
289,207,295.7,295.7,2.5,4.6
290,208,296.7,296.7,2.4,4.4
291,209,297.8,297.8,3.4,6.3
292,210,297.7,297.7,2.9,5.4
293,211,284.1,284.1,2.4,4.5
294,212,284.4,284.4,2.9,5.4
295,213,284.4,284.4,2.8,5.1
296,214,284.4,284.4,2.7,5.0
297,215,281.8,281.8,2.6,4.8
298,216,298.4,298.4,2.8,5.1
299,217,298.3,298.3,2.9,5.4
300,218,298.0,298.0,2.1,3.8
301,219,296.6,296.6,3.6,6.7
302,220,296.0,296.0,2.9,5.3
303,221,294.1,294.1,2.7,4.9
304,222,292.9,292.9,2.6,4.9
305,223,284.8,284.8,2.8,5.1
306,224,285.0,285.0,2.7,5.1
307,225,286.2,286.2,2.9,5.4
308,226,290.1,290.1,2.1,4.0
309,227,289.9,289.9,2.1,4.0
310,228,283.0,283.0,3.1,5.7
311,229,284.2,284.2,2.8,5.2
312,230,294.8,294.8,2.6,4.9
313,231,294.8,294.8,2.9,5.4
314,232,295.0,295.0,2.6,4.8
315,233,291.7,291.7,2.6,4.9
316,234,292.0,292.0,3.3,6.2
317,235,281.6,281.6,2.8,5.1
318,236,281.8,281.8,2.8,5.2
319,237,281.6,281.6,2.2,4.1
320,238,285.5,285.5,2.2,4.0
321,239,285.8,285.8,2.9,5.4
322,240,305.3,305.3,3.2,5.9
323,241,285.7,285.7,1.6,2.9
324,242,285.7,285.7,1.6,2.9
325,243,256.2,256.2,2.2,4.0
326,244,214.2,214.2,1.8,3.4
327,245,198.7,198.7,2.9,5.3
328,246,206.5,206.5,2.3,4.2
329,247,207.1,207.1,2.6,4.9
330,248,207.6,207.6,3.1,5.8
331,249,210.3,210.3,3.4,6.4
332,250,221.6,221.6,2.3,4.2
333,251,224.4,224.4,2.5,4.7
334,252,226.1,226.1,2.1,3.8
335,253,234.9,234.9,2.5,4.7
336,254,288.3,288.3,3.1,5.7
337,255,287.0,287.0,3.2,5.9
338,256,295.5,295.5,2.8,5.1
339,257,297.3,297.3,2.7,5.0
340,258,293.2,293.2,2.7,5.1
341,259,289.9,289.9,2.4,4.5
342,260,288.9,288.9,3.0,5.5
343,261,294.4,294.4,3.1,5.7
344,262,294.4,294.4,3.1,5.8
345,263,294.5,294.5,2.4,4.5
346,264,299.9,299.9,2.4,4.5
347,265,294.4,294.4,2.4,4.5
348,266,309.4,309.4,2.9,5.4
349,267,324.1,324.1,4.0,7.5
350,268,330.2,330.2,3.8,7.1
351,269,331.7,331.7,3.7,6.9
352,270,334.7,334.7,5.0,9.3
353,271,334.9,334.9,5.1,9.4
354,272,335.7,335.7,4.8,8.9
355,273,330.6,330.6,3.8,7.0
356,274,225.8,225.8,1.3,2.4
357,275,226.1,226.1,1.7,3.2
358,276,248.5,248.5,2.6,4.8
359,277,253.2,253.2,3.0,5.5
360,278,256.8,256.8,3.5,6.4
361,279,271.6,271.6,2.7,5.0
362,280,283.8,283.8,2.3,4.3
363,281,283.2,283.2,2.4,4.4
364,282,284.4,284.4,2.3,4.2
365,283,284.5,284.5,3.1,5.8
366,284,284.9,284.9,2.4,4.5
367,285,274.1,274.1,3.5,6.5
368,286,285.7,285.7,1.2,2.2
369,287,285.9,285.9,2.2,4.0
370,288,290.8,290.8,2.8,5.1
371,289,289.2,289.2,3.5,6.5
372,290,289.2,289.2,2.4,4.5
373,291,289.2,289.2,2.4,4.5
374,292,312.0,312.0,3.1,5.7
375,293,289.6,289.6,2.2,4.0
376,294,314.9,314.9,2.5,4.6
377,295,289.7,289.7,1.9,3.6
378,296,289.7,289.7,1.8,3.3
379,297,307.7,307.7,2.4,4.4
380,298,306.2,306.2,2.2,4.1
381,299,306.8,306.8,3.0,5.6
382,300,317.4,317.4,2.1,3.9
383,301,321.3,321.3,2.0,3.7
384,302,336.8,336.8,1.2,2.3
385,303,326.8,326.8,1.1,2.0
386,304,327.0,327.0,2.0,3.7
387,305,327.1,327.1,2.1,3.9
388,306,327.2,327.2,2.0,3.7
389,307,327.2,327.2,1.4,2.7
390,308,327.2,327.2,1.3,2.4
391,309,327.2,327.2,1.2,2.3
392,310,327.2,327.2,1.5,2.7
393,311,327.2,327.2,0.7,1.2
394,312,327.1,327.1,1.0,1.8
395,313,327.1,327.1,1.3,2.3
396,314,327.1,327.1,0.5,0.9
397,315,,,0.0,0.0
398,316,327.1,327.1,1.2,2.2
399,317,327.1,327.1,1.4,2.6
400,318,327.1,327.1,1.3,2.4
401,319,327.1,327.1,0.3,0.6
402,320,38.0,38.0,1.8,3.3
403,321,24.2,24.2,2.3,4.3
404,322,16.7,16.7,1.5,2.7
405,323,5.5,5.5,2.8,5.1
406,324,358.3,358.3,1.4,2.6
407,325,327.1,327.1,1.0,1.9
408,326,327.1,327.1,1.0,1.9
409,327,327.1,327.1,0.9,1.7
410,328,327.1,327.1,0.4,0.8
411,329,285.8,285.8,1.6,3.0
412,330,327.1,327.1,0.4,0.7
413,331,220.5,220.5,1.2,2.2
414,332,223.5,223.5,2.1,3.9
415,333,222.9,222.9,1.4,2.6
416,334,221.3,221.3,2.5,4.6
417,335,200.7,200.7,2.6,4.9
418,336,200.6,200.6,2.1,3.8
419,337,206.1,206.1,1.3,2.4
420,338,225.8,225.8,1.3,2.5
421,339,214.4,214.4,2.2,4.1
422,340,218.7,218.7,1.5,2.7
423,341,223.1,223.1,1.1,2.0
424,342,290.0,290.0,1.7,3.2
425,343,317.8,317.8,1.0,1.9
426,344,317.2,317.2,1.3,2.3
427,345,293.6,293.6,1.3,2.4
428,346,286.8,286.8,1.0,1.9
429,347,282.7,282.7,1.1,2.0
430,348,292.8,292.8,2.5,4.6
431,349,295.2,295.2,0.6,1.2
432,350,309.2,309.2,1.4,2.6
433,351,309.5,309.5,1.5,2.8
434,352,292.0,292.0,0.8,1.4
435,353,294.9,294.9,1.4,2.6
436,354,337.9,337.9,1.3,2.3
437,355,337.0,337.0,0.8,1.4
438,356,341.0,341.0,1.6,3.0
439,357,3.5,3.5,2.2,4.1
440,358,348.7,348.7,1.8,3.3
441,359,330.8,330.8,1.5,2.7
442,360,297.7,297.7,1.5,2.8
443,361,302.1,302.1,2.0,3.7
444,362,303.2,303.2,3.7,6.8
445,363,297.7,297.7,2.7,4.9
446,364,300.8,300.8,1.9,3.5
447,365,308.4,308.4,2.1,3.9
448,366,318.6,318.6,2.6,4.9
449,367,315.8,315.8,2.0,3.8
450,368,303.0,303.0,2.2,4.0
451,369,306.0,306.0,2.3,4.2
452,370,305.2,305.2,3.1,5.8
453,371,305.1,305.1,2.2,4.1
454,372,273.8,273.8,2.9,5.4
455,373,277.0,277.0,3.1,5.7
456,374,305.0,305.0,2.2,4.1
457,375,289.8,289.8,2.4,4.5
458,376,298.3,298.3,2.2,4.1
459,377,295.6,295.6,2.6,4.8
460,378,293.9,293.9,2.8,5.2
461,379,288.5,288.5,2.6,4.9
462,380,283.9,283.9,2.6,4.9
463,381,282.2,282.2,3.1,5.7
464,382,286.2,286.2,2.7,5.0
465,383,288.2,288.2,2.9,5.4
466,384,290.6,290.6,2.5,4.6
467,385,286.3,286.3,2.9,5.4
468,386,284.9,284.9,2.9,5.3
469,387,283.0,283.0,3.2,6.0
470,388,291.6,291.6,3.0,5.6
471,389,292.3,292.3,1.9,3.5
472,390,292.3,292.3,2.3,4.2
473,391,301.7,301.7,2.8,5.1
474,392,292.1,292.1,2.5,4.7
475,393,292.1,292.1,2.1,3.8
476,394,313.5,313.5,2.0,3.7
477,395,322.6,322.6,1.9,3.6
478,396,292.0,292.0,1.3,2.4
479,397,292.0,292.0,1.2,2.3
480,398,334.8,334.8,1.8,3.3
481,399,332.6,332.6,2.2,4.1
482,400,330.2,330.2,1.4,2.6
483,401,331.4,331.4,2.1,3.9
484,402,325.3,325.3,2.3,4.3
485,403,320.7,320.7,2.5,4.7
486,404,321.9,321.9,2.8,5.2
487,405,305.0,305.0,2.6,4.9
488,406,304.9,304.9,2.1,3.9
489,407,305.5,305.5,1.3,2.4
490,408,305.3,305.3,2.3,4.3
491,409,305.4,305.4,2.3,4.3
492,410,305.7,305.7,1.2,2.2
493,411,,,0.0,0.0
494,412,,,0.0,0.0
495,413,,,0.0,0.0
496,414,,,0.0,0.0
497,415,,,0.0,0.0
498,416,,,0.0,0.0
499,417,,,0.0,0.0
500,418,,,0.0,0.0
501,419,,,0.0,0.0
502,420,,,0.0,0.0
503,421,,,0.0,0.0
504,422,304.7,304.7,0.4,0.7
505,423,,,0.0,0.0
506,424,,,0.0,0.0
507,425,,,0.0,0.0
508,426,,,0.0,0.0
509,427,,,0.0,0.0
510,428,,,0.0,0.0
511,429,,,0.0,0.0
512,430,,,0.0,0.0
513,431,,,0.0,0.0
514,432,,,0.0,0.0
515,433,,,0.0,0.0
516,434,,,0.0,0.0
517,435,,,0.0,0.0
518,436,,,0.0,0.0
519,437,,,0.0,0.0
520,438,,,0.0,0.0
521,439,,,0.0,0.0
522,440,,,0.0,0.0
523,441,,,0.0,0.0
524,442,,,0.0,0.0
525,443,,,0.0,0.0
526,444,,,0.0,0.0
527,445,,,0.0,0.0
528,446,,,0.0,0.0
529,447,,,0.0,0.0
530,448,,,0.0,0.0
531,449,,,0.0,0.0
532,450,,,0.0,0.0
533,451,,,0.0,0.0
534,452,,,0.0,0.0
535,453,,,0.0,0.0
536,454,,,0.0,0.0
537,455,,,0.0,0.0
538,456,,,0.0,0.0
539,457,,,0.0,0.0
540,458,,,0.0,0.0
541,459,,,0.0,0.0
542,460,,,0.0,0.0
543,461,,,0.0,0.0
544,462,,,0.0,0.0
545,463,,,0.0,0.0
546,464,,,0.0,0.0
547,465,,,0.0,0.0
548,466,,,0.0,0.0
549,467,,,0.0,0.0
550,468,,,0.0,0.0
551,469,,,0.0,0.0
552,470,,,0.0,0.0
553,471,,,0.0,0.0
554,472,,,0.0,0.0
555,473,,,0.0,0.0
556,474,,,0.0,0.0
557,475,,,0.0,0.0
558,476,,,0.0,0.0
559,477,,,0.0,0.0
560,478,,,0.0,0.0
561,479,,,0.0,0.0
562,480,,,0.0,0.0
563,481,,,0.0,0.0
564,482,,,0.0,0.0
565,483,,,0.0,0.0
566,484,,,0.0,0.0
567,485,,,0.0,0.0
568,486,,,0.0,0.0
569,487,,,0.0,0.0
570,488,,,0.0,0.0
571,489,,,0.0,0.0
572,490,,,0.0,0.0
573,491,,,0.0,0.0
574,492,,,0.0,0.0
575,493,,,0.0,0.0
576,494,,,0.0,0.0
577,495,,,0.0,0.0
578,496,,,0.0,0.0
579,497,,,0.0,0.0
580,498,,,0.0,0.0
581,499,,,0.0,0.0
582,500,,,0.0,0.0
583,501,,,0.0,0.0
584,502,,,0.0,0.0
585,503,,,0.0,0.0
586,504,,,0.0,0.0
587,505,,,0.0,0.0
588,506,,,0.0,0.0
589,507,,,0.0,0.0
590,508,304.7,304.7,0.3,0.6
591,509,,,0.0,0.0
592,510,,,0.0,0.0
593,511,,,0.0,0.0
594,512,,,0.0,0.0
595,513,,,0.0,0.0
596,514,,,0.0,0.0
597,515,,,0.0,0.0
598,516,,,0.0,0.0
599,517,,,0.0,0.0
600,518,,,0.0,0.0
601,519,,,0.0,0.0
602,520,,,0.0,0.0
603,521,36.0,36.0,1.7,3.1
604,522,308.9,308.9,2.5,4.6
605,523,263.1,263.1,2.5,4.6
606,524,258.8,258.8,3.6,6.6
607,525,264.3,264.3,1.7,3.1
608,526,304.7,304.7,1.0,1.8
609,527,304.7,304.7,1.0,1.8
610,528,262.7,262.7,1.5,2.8
611,529,274.4,274.4,1.4,2.6
612,530,304.7,304.7,0.4,0.8
613,531,,,0.0,0.0
614,532,173.7,173.7,1.1,2.1
615,533,304.7,304.7,0.3,0.6
616,534,216.4,216.4,1.4,2.6
617,535,279.8,279.8,1.7,3.1
618,536,272.7,272.7,1.5,2.8
619,537,255.8,255.8,2.3,4.2
620,538,236.0,236.0,1.4,2.5
621,539,221.9,221.9,0.7,1.2
622,540,262.4,262.4,1.9,3.5
623,541,275.4,275.4,1.6,3.0
624,542,277.9,277.9,1.4,2.6
625,543,287.7,287.7,3.0,5.5
626,544,302.3,302.3,3.7,6.8
627,545,300.2,300.2,2.7,5.0
628,546,291.6,291.6,3.2,6.0
629,547,280.0,280.0,2.7,5.1
630,548,289.3,289.3,2.6,4.9
631,549,301.4,301.4,2.5,4.6
632,550,308.3,308.3,1.9,3.5
633,551,306.2,306.2,2.2,4.1
634,552,301.3,301.3,2.1,3.9
635,553,311.6,311.6,1.3,2.5
636,554,336.9,336.9,2.2,4.0
637,555,335.3,335.3,2.0,3.7
638,556,292.6,292.6,2.4,4.5
639,557,294.5,294.5,2.0,3.8
640,558,294.1,294.1,1.4,2.6
641,559,293.9,293.9,1.2,2.2
642,560,293.8,293.8,0.6,1.1
643,561,293.7,293.7,1.0,1.9
644,562,294.0,294.0,0.4,0.8
645,563,293.9,293.9,1.3,2.4
646,564,270.1,270.1,2.3,4.3
647,565,293.5,293.5,0.9,1.7
648,566,293.0,293.0,2.1,3.9
649,567,302.0,302.0,2.3,4.3
650,568,293.0,293.0,1.2,2.2
651,569,302.3,302.3,1.9,3.5
652,570,316.3,316.3,2.3,4.2
653,571,314.1,314.1,1.7,3.2
654,572,313.3,313.3,1.7,3.1
655,573,292.7,292.7,0.9,1.7
656,574,299.4,299.4,2.5,4.6
657,575,307.2,307.2,2.0,3.7
658,576,306.0,306.0,2.7,5.0
659,577,307.8,307.8,2.2,4.0
660,578,301.0,301.0,1.3,2.4
661,579,309.1,309.1,1.9,3.5
662,580,302.4,302.4,2.0,3.7
663,581,301.6,301.6,2.5,4.6
664,582,292.0,292.0,2.7,5.0
665,583,291.9,291.9,2.6,4.8
666,584,291.1,291.1,2.1,3.8
667,585,290.6,290.6,2.4,4.4
668,586,290.1,290.1,2.4,4.4
669,587,322.3,322.3,2.3,4.2
670,588,321.6,321.6,2.1,4.0
671,589,321.3,321.3,1.6,3.0
672,590,317.4,317.4,3.1,5.8
673,591,320.8,320.8,1.8,3.4
674,592,320.3,320.3,2.3,4.3
675,593,320.0,320.0,1.9,3.6
676,594,313.4,313.4,2.6,4.8
677,595,303.6,303.6,2.0,3.8
678,596,311.1,311.1,2.5,4.6
679,597,320.0,320.0,0.9,1.7
680,598,307.9,307.9,2.1,3.8
681,599,294.5,294.5,2.2,4.1
682,600,294.8,294.8,2.5,4.6
683,601,294.8,294.8,2.8,5.2
684,602,294.8,294.8,2.8,5.1
685,603,294.9,294.9,2.2,4.1
686,604,300.9,300.9,2.4,4.4
687,605,300.9,300.9,2.9,5.3
688,606,306.5,306.5,2.7,5.0
689,607,305.3,305.3,2.2,4.1
690,608,295.5,295.5,2.7,5.0
691,609,294.6,294.6,2.0,3.7
692,610,295.4,295.4,3.0,5.5
693,611,295.9,295.9,2.2,4.1
694,612,296.1,296.1,3.0,5.5
695,613,298.7,298.7,3.0,5.5
696,614,298.4,298.4,2.0,3.6
697,615,288.8,288.8,2.8,5.2
698,616,284.7,284.7,2.6,4.8
699,617,286.1,286.1,1.2,2.3
700,618,297.0,297.0,1.7,3.2
701,619,304.9,304.9,1.8,3.4
702,620,291.9,291.9,2.3,4.2
703,621,287.5,287.5,2.3,4.2
704,622,294.5,294.5,1.5,2.7
705,623,303.1,303.1,2.3,4.3
706,624,303.0,303.0,1.2,2.2
707,625,303.1,303.1,0.9,1.7
708,626,303.2,303.2,0.8,1.4
709,627,303.2,303.2,0.5,1.0
710,628,303.2,303.2,1.8,3.4
711,629,294.1,294.1,2.4,4.5
712,630,293.8,293.8,1.9,3.5
713,631,293.5,293.5,2.7,5.0
714,632,293.6,293.6,2.5,4.6
715,633,293.4,293.4,1.0,1.8
716,634,293.3,293.3,1.8,3.4
717,635,289.5,289.5,2.4,4.5
718,636,291.5,291.5,2.8,5.1
719,637,291.3,291.3,2.8,5.1
720,638,295.4,295.4,2.1,3.9
721,639,295.1,295.1,1.7,3.2
722,640,295.0,295.0,1.2,2.2
723,641,294.9,294.9,1.9,3.5
724,642,294.6,294.6,0.5,1.0
725,643,294.4,294.4,1.7,3.1
726,644,289.9,289.9,2.8,5.1
727,645,289.5,289.5,2.6,4.8
728,646,289.0,289.0,2.1,3.9
729,647,288.6,288.6,2.1,3.9
730,648,288.4,288.4,1.3,2.4
731,649,288.1,288.1,2.4,4.4
732,650,287.4,287.4,2.5,4.7
733,651,288.2,288.2,2.5,4.6
734,652,295.0,295.0,2.1,3.9
735,653,307.2,307.2,2.4,4.5
736,654,304.8,304.8,2.7,5.0
737,655,304.6,304.6,2.9,5.4
738,656,304.0,304.0,2.0,3.7
739,657,303.4,303.4,2.2,4.1
740,658,310.2,310.2,2.0,3.7
741,659,310.7,310.7,1.6,3.0
742,660,310.9,310.9,2.4,4.5
743,661,310.4,310.4,1.6,3.0
744,662,311.2,311.2,1.0,1.9
745,663,310.8,310.8,1.8,3.3
746,664,310.5,310.5,1.2,2.2
747,665,310.3,310.3,0.9,1.6
748,666,241.0,241.0,2.2,4.0
749,667,241.7,241.7,2.4,4.5
750,668,286.0,286.0,2.3,4.3
751,669,286.9,286.9,2.5,4.7
752,670,286.9,286.9,2.7,5.0
753,671,287.4,287.4,2.6,4.8
754,672,287.3,287.3,2.3,4.3
755,673,287.4,287.4,2.5,4.7
756,674,299.2,299.2,2.6,4.8
757,675,287.3,287.3,2.2,4.1
758,676,298.1,298.1,2.3,4.3
759,677,303.0,303.0,2.4,4.4
760,678,272.9,272.9,2.6,4.8
761,679,273.6,273.6,2.5,4.7
762,680,285.1,285.1,2.5,4.6
763,681,284.4,284.4,2.3,4.3
764,682,283.8,283.8,2.8,5.1
765,683,295.6,295.6,3.3,6.1
766,684,295.4,295.4,2.7,5.1
767,685,288.5,288.5,2.5,4.6
768,686,289.3,289.3,1.3,2.3
769,687,288.5,288.5,0.9,1.7
770,688,295.1,295.1,2.4,4.5
771,689,295.3,295.3,2.2,4.1
772,690,290.6,290.6,2.5,4.6
773,691,290.5,290.5,2.4,4.5
774,692,293.7,293.7,2.7,4.9
775,693,293.9,293.9,1.7,3.2
776,694,293.9,293.9,2.1,3.9
777,695,299.7,299.7,2.4,4.5
778,696,302.9,302.9,2.9,5.3
779,697,302.9,302.9,2.0,3.6
780,698,303.9,303.9,2.0,3.7
781,699,305.0,305.0,2.0,3.7
782,700,306.9,306.9,2.4,4.5
783,701,287.8,287.8,2.3,4.3
784,702,288.0,288.0,2.5,4.7
785,703,290.5,290.5,2.5,4.7
786,704,291.0,291.0,2.2,4.1
787,705,290.6,290.6,2.1,4.0
788,706,290.6,290.6,2.4,4.4
789,707,285.9,285.9,2.6,4.9
790,708,290.5,290.5,1.8,3.3
791,709,290.5,290.5,1.6,2.9
792,710,293.7,293.7,2.5,4.6
793,711,291.0,291.0,2.3,4.2
794,712,292.4,292.4,2.1,3.8
795,713,292.8,292.8,2.4,4.5
796,714,291.4,291.4,1.6,3.0
797,715,292.2,292.2,1.7,3.2
798,716,292.0,292.0,1.7,3.1
799,717,291.6,291.6,1.6,3.0
800,718,336.4,336.4,2.1,3.9
801,719,291.7,291.7,1.4,2.6
802,720,292.8,292.8,3.0,5.6
803,721,292.3,292.3,3.4,6.3
804,722,292.8,292.8,2.8,5.1
805,723,291.3,291.3,2.2,4.0
806,724,291.8,291.8,1.5,2.7
807,725,292.1,292.1,1.9,3.5
808,726,294.1,294.1,1.6,3.0
809,727,293.5,293.5,1.8,3.3
810,728,213.2,213.2,2.2,4.1
811,729,203.4,203.4,3.5,6.6
812,730,203.3,203.3,3.0,5.6
813,731,202.9,202.9,2.2,4.0
814,732,200.5,200.5,2.8,5.2
815,733,200.8,200.8,2.2,4.0
816,734,201.9,201.9,2.5,4.6
817,735,203.6,203.6,3.0,5.6
818,736,203.3,203.3,2.7,5.0
819,737,202.0,202.0,2.9,5.4
820,738,201.6,201.6,2.9,5.3
821,739,206.6,206.6,2.6,4.9
822,740,206.0,206.0,2.4,4.4
823,741,204.1,204.1,3.0,5.5
824,742,203.3,203.3,2.5,4.6
825,743,189.5,189.5,2.7,5.0
826,744,192.3,192.3,2.7,5.0
827,745,190.7,190.7,2.5,4.6
828,746,201.4,201.4,2.9,5.3
829,747,201.4,201.4,3.0,5.6
830,748,201.4,201.4,2.5,4.6
831,749,201.2,201.2,2.2,4.0
832,750,203.7,203.7,2.0,3.6
833,751,203.0,203.0,1.6,2.9
834,752,223.4,223.4,2.1,3.9
835,753,223.4,223.4,1.3,2.5
836,754,225.7,225.7,1.7,3.2
837,755,226.5,226.5,2.7,5.1
838,756,240.9,240.9,2.4,4.4
839,757,242.6,242.6,1.7,3.1
840,758,242.6,242.6,1.6,3.0
841,759,242.6,242.6,2.6,4.8
842,760,238.2,238.2,2.5,4.6
843,761,239.6,239.6,2.4,4.4
844,762,243.6,243.6,2.7,4.9
845,763,242.2,242.2,1.0,1.9
846,764,241.8,241.8,1.3,2.5
847,765,227.1,227.1,1.8,3.4
848,766,233.6,233.6,3.0,5.5
849,767,247.9,247.9,3.4,6.3
850,768,249.0,249.0,2.7,5.0
851,769,249.4,249.4,3.1,5.8
852,770,256.7,256.7,3.0,5.5
853,771,249.3,249.3,2.3,4.2
854,772,249.7,249.7,3.0,5.5
855,773,262.0,262.0,3.2,5.9
856,774,273.6,273.6,3.5,6.5
857,775,319.2,319.2,3.1,5.7
858,776,318.7,318.7,2.1,3.9
859,777,318.8,318.8,2.1,3.8
860,778,313.4,313.4,2.4,4.5
861,779,320.7,320.7,2.3,4.2
862,780,276.5,276.5,2.6,4.8
863,781,278.0,278.0,1.8,3.3
864,782,277.8,277.8,1.9,3.6
865,783,282.7,282.7,2.7,5.0
866,784,278.1,278.1,3.2,5.9
867,785,272.3,272.3,3.7,6.8
868,786,282.3,282.3,3.5,6.4
869,787,293.6,293.6,3.3,6.0
870,788,289.3,289.3,2.7,5.1
871,789,302.9,302.9,3.1,5.7
872,790,302.8,302.8,2.9,5.4
873,791,279.2,279.2,3.3,6.2
874,792,284.3,284.3,3.4,6.3
875,793,294.8,294.8,3.0,5.5
876,794,295.1,295.1,2.3,4.3
877,795,280.3,280.3,3.5,6.4
878,796,291.8,291.8,3.1,5.7
879,797,289.7,289.7,2.5,4.7
880,798,287.1,287.1,3.1,5.7
881,799,301.4,301.4,3.0,5.5
882,800,288.1,288.1,3.6,6.7
883,801,276.7,276.7,3.1,5.8
884,802,276.2,276.2,2.8,5.1
885,803,294.8,294.8,3.0,5.5
886,804,293.8,293.8,3.0,5.6
887,805,294.1,294.1,1.9,3.6
888,806,271.1,271.1,2.5,4.6
889,807,267.2,267.2,2.3,4.3
890,808,276.5,276.5,3.1,5.8
891,809,277.3,277.3,2.1,3.8
892,810,277.6,277.6,1.7,3.2
893,811,277.3,277.3,2.0,3.7
894,812,268.1,268.1,2.1,3.9
895,813,269.5,269.5,2.8,5.1
896,814,269.2,269.2,2.4,4.4
897,815,269.9,269.9,1.6,3.0
898,816,269.9,269.9,2.1,3.9
899,817,274.5,274.5,2.3,4.2
900,818,282.7,282.7,3.6,6.7
901,819,282.4,282.4,2.9,5.4
902,820,295.8,295.8,3.6,6.7
903,821,289.7,289.7,3.8,6.9
904,822,305.8,305.8,2.8,5.1
905,823,305.0,305.0,3.0,5.5
906,824,295.0,295.0,3.2,5.9
907,825,294.8,294.8,3.2,5.9
908,826,298.6,298.6,2.9,5.4
909,827,297.5,297.5,2.6,4.9
910,828,292.1,292.1,2.9,5.3
911,829,292.1,292.1,2.7,5.0
912,830,291.9,291.9,2.9,5.4
913,831,290.7,290.7,2.6,4.8
914,832,291.4,291.4,2.9,5.4
915,833,292.7,292.7,2.8,5.1
916,834,283.5,283.5,3.0,5.6
917,835,284.0,284.0,2.3,4.2
918,836,293.3,293.3,2.4,4.5
919,837,293.6,293.6,2.8,5.1
920,838,283.9,283.9,2.9,5.3
921,839,286.2,286.2,3.2,6.0
922,840,287.5,287.5,2.9,5.4
923,841,279.8,279.8,2.7,4.9
924,842,280.6,280.6,2.9,5.4
925,843,288.8,288.8,2.8,5.2
926,844,289.9,289.9,2.8,5.1
927,845,299.4,299.4,3.5,6.5
928,846,300.0,300.0,2.7,5.0
929,847,300.0,300.0,3.1,5.7
930,848,287.3,287.3,2.8,5.2
931,849,287.6,287.6,3.0,5.5
932,850,293.2,293.2,3.0,5.5
933,851,292.6,292.6,2.2,4.1
934,852,291.1,291.1,1.9,3.6
935,853,284.0,284.0,3.4,6.3
936,854,285.8,285.8,2.8,5.1
937,855,291.5,291.5,2.2,4.1
938,856,290.8,290.8,2.8,5.1
939,857,296.9,296.9,2.9,5.3
940,858,297.4,297.4,2.9,5.4
941,859,297.6,297.6,2.1,3.9
942,860,296.7,296.7,2.9,5.4
943,861,293.1,293.1,2.6,4.8
944,862,292.1,292.1,2.4,4.5
945,863,280.0,280.0,2.7,4.9
946,864,279.8,279.8,3.2,5.9
947,865,279.6,279.6,3.1,5.7
948,866,289.9,289.9,2.8,5.2
949,867,290.1,290.1,2.7,5.0
950,868,288.5,288.5,2.8,5.2
951,869,288.8,288.8,3.1,5.7
952,870,294.7,294.7,3.0,5.5
953,871,293.8,293.8,2.6,4.9
954,872,284.0,284.0,2.8,5.1
955,873,284.5,284.5,3.0,5.5
956,874,287.0,287.0,2.9,5.4
957,875,286.4,286.4,3.0,5.6
958,876,289.6,289.6,3.4,6.2
959,877,289.2,289.2,2.8,5.3
960,878,292.1,292.1,2.9,5.3
961,879,292.0,292.0,2.8,5.1
962,880,290.3,290.3,2.6,4.8
963,881,290.1,290.1,3.1,5.7
964,882,290.2,290.2,2.8,5.1
965,883,291.8,291.8,3.0,5.6
966,884,292.0,292.0,2.5,4.7
967,885,291.4,291.4,2.4,4.4
968,886,293.0,293.0,2.5,4.6
969,887,292.0,292.0,2.7,5.0
970,888,282.8,282.8,2.7,4.9
971,889,283.1,283.1,2.9,5.4
972,890,283.2,283.2,2.7,5.1
973,891,284.1,284.1,2.8,5.2
974,892,291.1,291.1,3.1,5.7
975,893,291.3,291.3,3.2,6.0
976,894,294.3,294.3,2.7,5.1
977,895,294.3,294.3,3.2,5.9
978,896,293.3,293.3,2.4,4.5
979,897,293.3,293.3,2.5,4.7
980,898,289.8,289.8,3.0,5.6
981,899,289.5,289.5,3.0,5.6
982,900,281.8,281.8,3.2,5.9
983,901,282.5,282.5,2.9,5.3
984,902,291.5,291.5,2.5,4.7
985,903,291.6,291.6,2.7,5.0
986,904,290.8,290.8,2.9,5.4
987,905,290.3,290.3,2.7,4.9
988,906,293.1,293.1,2.5,4.6
989,907,293.1,293.1,2.3,4.3
990,908,287.9,287.9,2.4,4.5
991,909,287.5,287.5,2.9,5.3
992,910,292.3,292.3,3.0,5.5
993,911,292.3,292.3,2.7,5.0
994,912,292.1,292.1,2.0,3.7
995,913,286.3,286.3,3.0,5.6
996,914,286.2,286.2,3.1,5.7
997,915,292.3,292.3,3.1,5.8
998,916,292.6,292.6,3.0,5.6
999,917,298.3,298.3,2.9,5.3
1000,918,297.6,297.6,2.7,5.1
1001,919,290.3,290.3,2.4,4.5
1002,920,290.2,290.2,2.2,4.1
1003,921,,,0.0,0.0
1004,922,,,0.0,0.0
1005,923,,,0.0,0.0
1006,924,,,0.0,0.0
1007,925,,,0.0,0.0
1008,926,,,0.0,0.0
1009,927,,,0.0,0.0
1010,928,,,0.0,0.0
1011,929,,,0.0,0.0
1012,930,,,0.0,0.0
1013,931,,,0.0,0.0
1014,932,,,0.0,0.0
1015,933,,,0.0,0.0
1016,934,,,0.0,0.0
1017,935,,,0.0,0.0
1018,936,,,0.0,0.0
1019,937,,,0.0,0.0
1020,938,,,0.0,0.0
1021,939,288.0,288.0,1.4,2.6
1022,940,304.3,304.3,2.1,3.9
1023,941,304.1,304.1,1.9,3.5
1024,942,291.1,291.1,2.2,4.1
1025,943,291.2,291.2,2.2,4.1
1026,944,297.2,297.2,2.4,4.5
1027,945,297.0,297.0,2.0,3.8
1028,946,285.0,285.0,2.6,4.8
1029,947,285.0,285.0,2.8,5.2
1030,948,281.0,281.0,2.1,3.8
1031,949,281.3,281.3,1.5,2.8
1032,950,286.8,286.8,2.6,4.8
1033,951,287.3,287.3,2.1,4.0
1034,952,290.1,290.1,2.3,4.2
1035,953,289.4,289.4,2.8,5.1
1036,954,294.4,294.4,2.0,3.7
1037,955,294.6,294.6,1.9,3.5
1038,956,296.8,296.8,2.2,4.1
1039,957,296.9,296.9,2.5,4.6
1040,958,296.7,296.7,2.2,4.0
1041,959,296.6,296.6,1.1,2.0
1042,960,,,0.0,0.0
1043,961,,,0.0,0.0
1044,962,,,0.0,0.0
1045,963,,,0.0,0.0
1046,964,,,0.0,0.0
1047,965,,,0.0,0.0
1048,966,,,0.0,0.0
1049,967,,,0.0,0.0
1050,968,,,0.0,0.0
1051,969,,,0.0,0.0
1052,970,,,0.0,0.0
1053,971,295.8,295.8,0.4,0.8
1054,972,304.1,304.1,2.7,5.0
1055,973,304.2,304.2,3.0,5.5
1056,974,299.4,299.4,3.0,5.5
1057,975,290.1,290.1,3.3,6.1
1058,976,281.9,281.9,3.4,6.2
1059,977,289.8,289.8,3.5,6.4
1060,978,287.0,287.0,3.8,6.9
1061,979,289.1,289.1,3.5,6.5
1062,980,288.4,288.4,3.0,5.6
1063,981,292.0,292.0,3.5,6.4
1064,982,291.6,291.6,2.9,5.3
1065,983,22.0,22.0,0.9,1.7
1066,984,22.0,22.0,0.9,1.7
1067,985,,,0.0,0.0
1068,986,21.8,21.8,1.4,2.6
1069,987,17.5,17.5,2.5,4.7
1070,988,17.2,17.2,2.8,5.2
1071,989,21.5,21.5,2.7,5.0
1072,990,22.2,22.2,3.0,5.6
1073,991,22.3,22.3,2.9,5.4
1074,992,16.0,16.0,3.1,5.7
1075,993,16.5,16.5,3.2,6.0
1076,994,16.8,16.8,2.6,4.8
1077,995,23.4,23.4,2.6,4.8
1078,996,23.2,23.2,2.8,5.2
1079,997,17.6,17.6,3.1,5.7
1080,998,18.4,18.4,3.0,5.6
1081,999,19.2,19.2,3.2,5.9
1082,1000,24.1,24.1,2.9,5.4
1083,1001,20.6,20.6,3.1,5.7
1084,1002,20.8,20.8,2.6,4.8
1085,1003,14.4,14.4,3.1,5.7
1086,1004,15.7,15.7,2.4,4.5
1087,1005,16.0,16.0,2.7,5.0
1088,1006,15.3,15.3,2.5,4.6
1089,1007,15.6,15.6,2.2,4.1
1090,1008,16.5,16.5,2.6,4.9
1091,1009,26.8,26.8,2.6,4.9
1092,1010,27.5,27.5,2.5,4.6
1093,1011,21.0,21.0,2.8,5.2
1094,1012,20.8,20.8,3.0,5.5
1095,1013,10.7,10.7,3.4,6.3
1096,1014,16.8,16.8,3.2,5.9
1097,1015,17.2,17.2,2.9,5.4
1098,1016,20.3,20.3,3.3,6.1
1099,1017,20.4,20.4,2.5,4.7
1100,1018,15.5,15.5,2.9,5.3
1101,1019,15.3,15.3,2.6,4.8
1102,1020,18.6,18.6,3.2,5.9
1103,1021,24.9,24.9,3.4,6.3
1104,1022,25.7,25.7,2.7,5.1
1105,1023,29.1,29.1,2.8,5.1
1106,1024,23.2,23.2,2.5,4.6
1107,1025,22.7,22.7,2.7,5.0
1108,1026,19.7,19.7,2.9,5.4
1109,1027,16.0,16.0,3.1,5.7
1110,1028,13.0,13.0,3.6,6.6
1111,1029,13.6,13.6,3.0,5.6
1112,1030,20.8,20.8,2.6,4.8
1113,1031,28.5,28.5,2.7,5.1
1114,1032,29.0,29.0,2.7,5.0
1115,1033,18.4,18.4,3.0,5.6
1116,1034,18.7,18.7,2.0,3.7
1117,1035,20.5,20.5,3.2,5.9
1118,1036,20.7,20.7,2.2,4.0
1119,1037,20.4,20.4,2.8,5.1
1120,1038,20.2,20.2,2.8,5.2
1121,1039,24.5,24.5,3.0,5.5
1122,1040,24.0,24.0,3.1,5.7
1123,1041,26.1,26.1,3.3,6.1
1124,1042,26.7,26.7,2.2,4.1
1125,1043,27.3,27.3,2.1,3.9
1126,1044,27.3,27.3,1.8,3.3
1127,1045,37.7,37.7,2.8,5.1
1128,1046,29.3,29.3,2.9,5.4
1129,1047,29.0,29.0,2.8,5.3
1130,1048,25.9,25.9,2.8,5.2
1131,1049,24.1,24.1,3.2,6.0
1132,1050,17.1,17.1,3.1,5.8
1133,1051,24.4,24.4,3.1,5.8
1134,1052,24.5,24.5,2.7,5.1
1135,1053,16.8,16.8,2.5,4.7
1136,1054,18.3,18.3,2.3,4.2
1137,1055,12.4,12.4,3.1,5.7
1138,1056,17.2,17.2,3.1,5.8
1139,1057,18.1,18.1,2.5,4.6
1140,1058,16.0,16.0,3.0,5.6
1141,1059,3.9,3.9,3.3,6.0
1142,1060,5.4,5.4,2.6,4.9
1143,1061,22.6,22.6,3.3,6.2
1144,1062,22.0,22.0,2.8,5.1
1145,1063,29.2,29.2,2.2,4.1
1146,1064,22.6,22.6,3.4,6.3
1147,1065,15.6,15.6,3.7,6.8
1148,1066,16.9,16.9,2.4,4.5
1149,1067,29.8,29.8,2.7,5.0
1150,1068,29.5,29.5,2.8,5.2
1151,1069,27.6,27.6,2.9,5.4
1152,1070,26.0,26.0,3.0,5.5
1153,1071,22.2,22.2,2.6,4.8
1154,1072,15.2,15.2,3.3,6.0
1155,1073,19.0,19.0,3.1,5.7
1156,1074,7.8,7.8,3.2,5.9
1157,1075,17.1,17.1,3.4,6.3
1158,1076,20.4,20.4,3.5,6.5
1159,1077,10.4,10.4,3.4,6.4
1160,1078,16.7,16.7,3.3,6.1
1161,1079,16.2,16.2,2.8,5.3
1162,1080,17.9,17.9,2.7,5.0
1163,1081,18.3,18.3,3.0,5.6
1164,1082,23.5,23.5,2.2,4.0
1165,1083,22.2,22.2,3.1,5.7
1166,1084,22.0,22.0,3.2,5.9
1167,1085,22.7,22.7,3.3,6.1
1168,1086,22.3,22.3,2.7,4.9
1169,1087,21.9,21.9,2.9,5.4
1170,1088,18.1,18.1,3.3,6.2
1171,1089,19.6,19.6,3.4,6.4
1172,1090,27.4,27.4,3.8,7.0
1173,1091,25.9,25.9,3.3,6.1
1174,1092,33.1,33.1,3.2,5.9
1175,1093,18.6,18.6,3.2,6.0
1176,1094,10.5,10.5,3.3,6.2
1177,1095,10.9,10.9,2.5,4.6
1178,1096,10.7,10.7,1.4,2.5
1179,1097,11.0,11.0,1.6,3.0
1180,1098,267.4,267.4,3.1,5.8
1181,1099,275.9,275.9,3.5,6.4
1182,1100,276.1,276.1,3.3,6.0
1183,1101,279.8,279.8,3.4,6.3
1184,1102,281.6,281.6,3.5,6.4
1185,1103,293.5,293.5,3.4,6.4
1186,1104,293.9,293.9,3.5,6.5
1187,1105,293.3,293.3,3.2,5.9
1188,1106,286.3,286.3,2.7,5.0
1189,1107,287.3,287.3,2.8,5.2
1190,1108,292.0,292.0,3.0,5.5
1191,1109,291.9,291.9,2.9,5.3
1192,1110,294.5,294.5,3.3,6.0
1193,1111,294.7,294.7,3.0,5.5
1194,1112,301.8,301.8,3.1,5.7
1195,1113,301.6,301.6,3.2,5.9
1196,1114,294.9,294.9,2.9,5.4
1197,1115,301.0,301.0,3.7,6.8
1198,1116,306.4,306.4,3.4,6.3
1199,1117,305.9,305.9,3.2,5.9
1200,1118,311.3,311.3,3.4,6.4
1201,1119,311.7,311.7,3.2,6.0
1202,1120,313.4,313.4,3.1,5.7
1203,1121,313.7,313.7,2.9,5.4
1204,1122,316.5,316.5,2.8,5.1
1205,1123,316.2,316.2,3.1,5.7
1206,1124,319.8,319.8,3.3,6.1
1207,1125,318.4,318.4,3.1,5.8
1208,1126,323.6,323.6,3.2,6.0
1209,1127,323.5,323.5,3.1,5.8
1210,1128,322.4,322.4,3.7,6.8
1211,1129,318.7,318.7,3.6,6.7
1212,1130,318.9,318.9,2.9,5.3
1213,1131,314.1,314.1,2.9,5.4
1214,1132,314.1,314.1,2.4,4.5
1215,1133,315.8,315.8,3.1,5.8
1216,1134,315.6,315.6,3.1,5.7
1217,1135,315.8,315.8,3.2,6.0
1218,1136,316.0,316.0,3.1,5.8
1219,1137,314.9,314.9,3.3,6.2
1220,1138,314.5,314.5,3.1,5.8
1221,1139,310.5,310.5,2.9,5.3
1222,1140,310.5,310.5,2.8,5.1
1223,1141,308.4,308.4,3.1,5.7
1224,1142,308.8,308.8,3.1,5.8
1225,1143,308.5,308.5,1.0,1.8
1226,1144,321.5,321.5,4.2,7.8
1227,1145,321.5,321.5,3.1,5.7
1228,1146,337.3,337.3,2.5,4.7
1229,1147,324.8,324.8,3.5,6.4
1230,1148,324.1,324.1,3.2,5.9
1231,1149,317.5,317.5,2.9,5.4
1232,1150,305.0,305.0,3.5,6.4
1233,1151,310.7,310.7,3.1,5.8
1234,1152,310.6,310.6,2.8,5.2
1235,1153,313.3,313.3,3.1,5.7
1236,1154,313.1,313.1,1.6,3.0
1237,1155,318.5,318.5,2.7,5.0
1238,1156,318.3,318.3,2.4,4.4
1239,1157,318.2,318.2,2.1,4.0
1240,1158,318.5,318.5,2.4,4.4
1241,1159,311.0,311.0,3.4,6.2
1242,1160,319.9,319.9,3.4,6.2
1243,1161,331.8,331.8,3.3,6.1
1244,1162,322.3,322.3,3.1,5.7
1245,1163,322.7,322.7,3.1,5.7
1246,1164,318.1,318.1,3.0,5.5
1247,1165,322.2,322.2,3.2,5.9
1248,1166,322.0,322.0,3.0,5.5
1249,1167,331.3,331.3,3.8,7.1
1250,1168,330.7,330.7,3.2,5.9
1251,1169,325.3,325.3,2.9,5.3
1252,1170,318.8,318.8,2.7,4.9
1253,1171,322.0,322.0,3.0,5.5
1254,1172,323.9,323.9,3.4,6.3
1255,1173,324.3,324.3,4.0,7.5
1256,1174,324.7,324.7,3.9,7.3
1257,1175,323.4,323.4,4.2,7.8
1258,1176,323.3,323.3,3.2,6.0
1259,1177,321.9,321.9,3.6,6.7
1260,1178,322.1,322.1,3.2,5.9
1261,1179,321.6,321.6,2.9,5.4
1262,1180,315.5,315.5,2.8,5.1
1263,1181,315.7,315.7,2.8,5.2
1264,1182,308.1,308.1,2.8,5.2
1265,1183,310.5,310.5,3.2,6.0
1266,1184,312.0,312.0,3.6,6.7
1267,1185,303.5,303.5,3.3,6.1
1268,1186,299.0,299.0,3.2,6.0
1269,1187,303.8,303.8,2.8,5.2
1270,1188,311.4,311.4,3.1,5.7
1271,1189,321.0,321.0,3.3,6.1
1272,1190,321.1,321.1,3.1,5.8
1273,1191,318.9,318.9,2.6,4.8
1274,1192,316.2,316.2,2.5,4.6
1275,1193,312.6,312.6,3.2,6.0
1276,1194,312.3,312.3,3.0,5.6
1277,1195,309.8,309.8,2.9,5.3
1278,1196,320.0,320.0,3.1,5.7
1279,1197,319.8,319.8,3.0,5.5
1280,1198,318.8,318.8,2.8,5.3
1281,1199,319.1,319.1,2.7,5.0
1282,1200,323.0,323.0,3.4,6.4
1283,1201,322.6,322.6,3.5,6.5
1284,1202,325.8,325.8,3.4,6.3
1285,1203,320.7,320.7,2.8,5.1
1286,1204,307.9,307.9,3.0,5.5
1287,1205,309.0,309.0,2.8,5.2
1288,1206,309.1,309.1,2.5,4.6
1289,1207,308.8,308.8,3.0,5.5
1290,1208,301.8,301.8,3.2,5.9
1291,1209,309.5,309.5,3.4,6.3
1292,1210,305.4,305.4,3.1,5.7
1293,1211,306.2,306.2,2.6,4.8
1294,1212,316.8,316.8,2.9,5.3
1295,1213,316.5,316.5,2.7,5.1
1296,1214,332.2,332.2,1.9,3.5
1297,1215,330.9,330.9,3.0,5.6
1298,1216,329.7,329.7,2.3,4.2
1299,1217,324.0,324.0,3.2,5.9
1300,1218,327.9,327.9,3.2,6.0
1301,1219,341.3,341.3,2.7,5.0
1302,1220,342.3,342.3,2.6,4.8
1303,1221,21.3,21.3,1.8,3.4
1304,1222,21.6,21.6,1.9,3.5
1305,1223,21.4,21.4,1.6,3.0
1306,1224,50.2,50.2,2.6,4.8
1307,1225,56.2,56.2,3.3,6.2
1308,1226,55.8,55.8,2.4,4.4
1309,1227,57.8,57.8,3.4,6.3
1310,1228,56.5,56.5,2.6,4.9
1311,1229,39.2,39.2,3.2,5.9
1312,1230,39.1,39.1,2.6,4.9
1313,1231,48.0,48.0,2.0,3.7
1314,1232,47.3,47.3,1.6,3.0
1315,1233,63.3,63.3,2.3,4.2
1316,1234,62.1,62.1,3.1,5.8
1317,1235,49.0,49.0,3.0,5.5
1318,1236,64.6,64.6,3.2,5.9
1319,1237,47.5,47.5,3.0,5.5
1320,1238,47.4,47.4,3.1,5.7
1321,1239,36.9,36.9,2.0,3.7
1322,1240,37.2,37.2,1.9,3.5
1323,1241,36.7,36.7,1.7,3.1
1324,1242,55.0,55.0,2.4,4.4
1325,1243,62.3,62.3,2.7,5.0
1326,1244,56.2,56.2,3.4,6.3
1327,1245,55.9,55.9,2.6,4.8
1328,1246,47.8,47.8,2.2,4.1
1329,1247,47.6,47.6,2.5,4.6
1330,1248,37.9,37.9,2.9,5.4
1331,1249,47.3,47.3,2.8,5.2
1332,1250,48.4,48.4,2.3,4.2
1333,1251,50.2,50.2,2.3,4.3
1334,1252,51.1,51.1,2.7,5.0
1335,1253,48.4,48.4,3.0,5.5
1336,1254,49.2,49.2,2.7,5.0
1337,1255,51.1,51.1,2.8,5.2
1338,1256,50.8,50.8,2.6,4.8
1339,1257,41.6,41.6,2.9,5.4
1340,1258,47.9,47.9,3.1,5.8
1341,1259,48.8,48.8,2.7,4.9
1342,1260,38.6,38.6,2.7,4.9
1343,1261,46.5,46.5,3.1,5.8
1344,1262,45.7,45.7,2.7,5.0
1345,1263,41.6,41.6,2.8,5.2
1346,1264,46.0,46.0,3.1,5.8
1347,1265,52.6,52.6,3.3,6.2
1348,1266,51.9,51.9,3.0,5.5
1349,1267,52.1,52.1,2.4,4.4
1350,1268,51.3,51.3,2.7,5.0
1351,1269,44.0,44.0,3.2,5.9
1352,1270,49.3,49.3,3.1,5.7
1353,1271,50.8,50.8,2.7,5.1
1354,1272,52.8,52.8,2.5,4.6
1355,1273,52.4,52.4,2.8,5.2
1356,1274,49.4,49.4,2.4,4.4
1357,1275,48.8,48.8,2.8,5.2
1358,1276,45.6,45.6,2.6,4.9
1359,1277,47.7,47.7,3.0,5.5
1360,1278,47.6,47.6,2.6,4.8
1361,1279,58.1,58.1,2.4,4.4
1362,1280,58.9,58.9,2.8,5.1
1363,1281,57.5,57.5,2.9,5.4
1364,1282,46.9,46.9,3.3,6.1
1365,1283,49.6,49.6,3.2,6.0
1366,1284,49.7,49.7,2.8,5.1
1367,1285,52.4,52.4,2.2,4.1
1368,1286,52.4,52.4,2.6,4.8
1369,1287,42.8,42.8,3.0,5.6
1370,1288,42.1,42.1,2.8,5.1
1371,1289,41.0,41.0,2.7,5.0
1372,1290,45.5,45.5,3.5,6.4
1373,1291,53.9,53.9,3.3,6.1
1374,1292,53.3,53.3,2.5,4.6
1375,1293,54.5,54.5,2.5,4.6
1376,1294,54.3,54.3,2.7,5.1
1377,1295,56.2,56.2,2.2,4.1
1378,1296,55.6,55.6,2.1,4.0
1379,1297,44.2,44.2,2.6,4.9
1380,1298,45.2,45.2,1.9,3.5
1381,1299,44.6,44.6,1.7,3.2
1382,1300,44.7,44.7,1.2,2.2
1383,1301,44.8,44.8,1.8,3.3
1384,1302,45.5,45.5,1.4,2.5
1385,1303,45.2,45.2,1.5,2.7
1386,1304,44.8,44.8,1.7,3.1
1387,1305,44.4,44.4,1.3,2.4
1388,1306,44.3,44.3,0.8,1.5
1389,1307,44.4,44.4,0.7,1.4
1390,1308,44.8,44.8,1.3,2.4
1391,1309,45.1,45.1,1.3,2.4
1392,1310,44.9,44.9,1.6,3.0
1393,1311,44.8,44.8,0.8,1.5
1394,1312,30.5,30.5,2.0,3.6
1395,1313,31.4,31.4,2.3,4.3
1396,1314,53.2,53.2,2.8,5.1
1397,1315,51.9,51.9,3.2,6.0
1398,1316,52.1,52.1,2.7,5.0
1399,1317,55.4,55.4,3.0,5.5
1400,1318,46.1,46.1,3.0,5.5
1401,1319,56.3,56.3,3.0,5.5
1402,1320,56.1,56.1,2.8,5.1
1403,1321,50.6,50.6,2.2,4.1
1404,1322,50.5,50.5,2.4,4.5
1405,1323,48.6,48.6,2.8,5.1
1406,1324,46.2,46.2,2.6,4.9
1407,1325,45.4,45.4,2.5,4.6
1408,1326,55.5,55.5,2.9,5.4
1409,1327,50.5,50.5,3.0,5.5
1410,1328,50.8,50.8,2.9,5.3
1411,1329,47.9,47.9,2.3,4.2
1412,1330,48.0,48.0,3.0,5.5
1413,1331,48.2,48.2,2.9,5.4
1414,1332,44.5,44.5,3.0,5.5
1415,1333,40.5,40.5,3.1,5.7
1416,1334,41.2,41.2,3.0,5.5
1417,1335,49.8,49.8,2.6,4.8
1418,1336,49.2,49.2,3.0,5.6
1419,1337,40.9,40.9,2.8,5.3
1420,1338,41.1,41.1,2.8,5.1
1421,1339,46.1,46.1,2.8,5.3
1422,1340,48.0,48.0,3.6,6.7
1423,1341,52.0,52.0,3.2,6.0
1424,1342,51.9,51.9,2.2,4.1
1425,1343,45.0,45.0,2.6,4.8
1426,1344,44.4,44.4,2.8,5.1
1427,1345,38.9,38.9,2.7,5.0
1428,1346,35.4,35.4,3.4,6.3
1429,1347,51.2,51.2,3.3,6.2
1430,1348,51.6,51.6,3.0,5.5
1431,1349,48.1,48.1,3.1,5.8
1432,1350,47.7,47.7,3.1,5.7
1433,1351,47.3,47.3,2.6,4.9
1434,1352,47.1,47.1,2.9,5.4
1435,1353,47.0,47.0,2.6,4.8
1436,1354,75.9,75.9,1.6,3.0
1437,1355,75.6,75.6,1.6,2.9
1438,1356,116.0,116.0,2.4,4.5
1439,1357,127.6,127.6,3.0,5.6
1440,1358,120.0,120.0,3.5,6.6
1441,1359,120.3,120.3,2.6,4.9
1442,1360,121.5,121.5,2.8,5.1
1443,1361,121.6,121.6,2.6,4.9
1444,1362,118.9,118.9,3.4,6.4
1445,1363,122.3,122.3,3.2,6.0
1446,1364,125.2,125.2,3.0,5.6
1447,1365,125.7,125.7,2.7,5.0
1448,1366,139.8,139.8,3.0,5.6
1449,1367,123.1,123.1,3.1,5.7
1450,1368,128.5,128.5,3.5,6.5
1451,1369,134.5,134.5,3.2,5.9
1452,1370,133.6,133.6,3.2,6.0
1453,1371,125.5,125.5,2.9,5.3
1454,1372,125.5,125.5,2.8,5.1
1455,1373,113.2,113.2,2.8,5.2
1456,1374,113.1,113.1,2.6,4.9
1457,1375,116.2,116.2,3.3,6.2
1458,1376,117.3,117.3,3.6,6.7
1459,1377,119.1,119.1,3.3,6.1
1460,1378,119.1,119.1,3.0,5.6
1461,1379,126.4,126.4,3.5,6.4
1462,1380,125.7,125.7,3.3,6.2
1463,1381,126.8,126.8,3.2,5.9
1464,1382,130.8,130.8,3.3,6.0
1465,1383,125.0,125.0,2.6,4.8
1466,1384,125.1,125.1,2.8,5.1
1467,1385,114.2,114.2,3.0,5.6
1468,1386,114.2,114.2,2.4,4.5
1469,1387,126.9,126.9,3.0,5.5
1470,1388,127.9,127.9,3.5,6.6
1471,1389,127.7,127.7,2.8,5.2
1472,1390,129.4,129.4,3.5,6.5
1473,1391,144.5,144.5,3.1,5.7
1474,1392,143.5,143.5,2.6,4.8
1475,1393,134.0,134.0,2.9,5.3
1476,1394,133.5,133.5,2.8,5.2
1477,1395,130.3,130.3,2.8,5.2
1478,1396,130.6,130.6,3.6,6.7
1479,1397,128.6,128.6,3.6,6.7
1480,1398,123.7,123.7,3.1,5.8
1481,1399,123.3,123.3,3.4,6.2
1482,1400,122.5,122.5,2.9,5.3
1483,1401,124.1,124.1,2.9,5.3
1484,1402,123.4,123.4,2.8,5.3
1485,1403,108.7,108.7,3.0,5.5
1486,1404,116.8,116.8,3.1,5.8
1487,1405,120.7,120.7,3.3,6.2
1488,1406,126.2,126.2,3.2,5.9
1489,1407,128.0,128.0,2.9,5.4
1490,1408,126.6,126.6,3.4,6.3
1491,1409,126.4,126.4,3.1,5.7
1492,1410,127.9,127.9,2.9,5.4
1493,1411,131.4,131.4,3.2,5.9
1494,1412,128.5,128.5,3.4,6.3
1495,1413,128.0,128.0,3.1,5.8
1496,1414,122.1,122.1,2.5,4.6
1497,1415,119.4,119.4,3.1,5.8
1498,1416,120.2,120.2,3.1,5.7
1499,1417,126.4,126.4,3.6,6.7
1500,1418,128.3,128.3,3.2,5.9
1501,1419,121.5,121.5,3.1,5.8
1502,1420,120.2,120.2,3.3,6.2
1503,1421,122.4,122.4,3.4,6.2
1504,1422,122.4,122.4,3.1,5.8
1505,1423,124.0,124.0,3.2,5.9
1506,1424,123.4,123.4,3.0,5.5
1507,1425,124.7,124.7,3.2,5.9
1508,1426,124.2,124.2,3.2,6.0
1509,1427,124.6,124.6,3.4,6.3
1510,1428,123.4,123.4,3.2,6.0
1511,1429,119.7,119.7,3.3,6.2
1512,1430,120.2,120.2,2.9,5.4
1513,1431,124.9,124.9,2.7,5.1
1514,1432,119.4,119.4,3.0,5.6
1515,1433,119.4,119.4,2.8,5.2
1516,1434,124.3,124.3,3.2,5.9
1517,1435,120.8,120.8,3.2,6.0
1518,1436,126.3,126.3,3.5,6.4
1519,1437,126.2,126.2,3.2,5.9
1520,1438,126.7,126.7,3.3,6.1
1521,1439,128.3,128.3,3.3,6.2
1522,1440,119.8,119.8,3.8,7.1
1523,1441,132.2,132.2,3.6,6.7
1524,1442,132.0,132.0,2.9,5.4
1525,1443,127.4,127.4,3.2,6.0
1526,1444,126.2,126.2,3.3,6.1
1527,1445,127.6,127.6,3.4,6.3
1528,1446,123.5,123.5,3.3,6.2
1529,1447,130.7,130.7,3.5,6.5
1530,1448,127.9,127.9,3.3,6.2
1531,1449,123.8,123.8,3.2,5.9
1532,1450,131.4,131.4,3.3,6.2
1533,1451,134.2,134.2,3.4,6.4
1534,1452,129.1,129.1,3.8,7.0
1535,1453,134.9,134.9,3.3,6.1
1536,1454,137.1,137.1,3.7,6.8
1537,1455,134.1,134.1,3.9,7.2
1538,1456,140.2,140.2,3.7,6.9
1539,1457,138.9,138.9,3.2,6.0
1540,1458,145.2,145.2,3.2,6.0
1541,1459,141.5,141.5,3.3,6.2
1542,1460,143.1,143.1,3.3,6.1
1543,1461,143.0,143.0,3.1,5.7
1544,1462,144.8,144.8,2.7,5.0
1545,1463,144.6,144.6,2.7,5.1
1546,1464,149.1,149.1,2.6,4.8
1547,1465,149.5,149.5,2.7,5.0
1548,1466,153.6,153.6,2.9,5.4
1549,1467,149.1,149.1,3.4,6.3
1550,1468,149.1,149.1,3.2,5.9
1551,1469,151.2,151.2,2.8,5.2
1552,1470,143.0,143.0,3.4,6.4
1553,1471,147.5,147.5,3.6,6.7
1554,1472,147.5,147.5,3.2,6.0
1555,1473,155.5,155.5,2.7,5.0
1556,1474,156.0,156.0,3.3,6.2
1557,1475,162.3,162.3,3.2,6.0
1558,1476,162.2,162.2,3.2,5.9
1559,1477,165.9,165.9,3.1,5.8
1560,1478,166.1,166.1,3.2,6.0
1561,1479,161.8,161.8,3.4,6.4
1562,1480,159.2,159.2,3.4,6.3
1563,1481,171.2,171.2,3.3,6.2
1564,1482,171.4,171.4,3.1,5.8
1565,1483,169.7,169.7,3.3,6.1
1566,1484,174.2,174.2,3.5,6.5
1567,1485,172.4,172.4,3.4,6.3
1568,1486,175.5,175.5,3.4,6.3
1569,1487,180.6,180.6,3.5,6.6
1570,1488,180.4,180.4,3.2,6.0
1571,1489,183.8,183.8,3.5,6.4
1572,1490,179.9,179.9,3.5,6.4
1573,1491,185.6,185.6,3.5,6.4
1574,1492,189.0,189.0,3.4,6.4
1575,1493,189.6,189.6,3.6,6.7
1576,1494,192.5,192.5,3.4,6.3
1577,1495,189.1,189.1,3.4,6.3
1578,1496,189.2,189.2,3.2,6.0
1579,1497,190.1,190.1,3.0,5.6
1580,1498,187.4,187.4,3.2,6.0
1581,1499,187.5,187.5,0.7,1.4
1582,1500,187.4,187.4,0.7,1.2
1583,1501,188.1,188.1,1.7,3.1
1584,1502,198.9,198.9,2.2,4.0
1585,1503,198.6,198.6,2.1,3.8
1586,1504,199.0,199.0,1.1,2.1
1587,1505,188.6,188.6,3.7,6.9
1588,1506,212.5,212.5,3.3,6.0
1589,1507,214.2,214.2,3.3,6.2
1590,1508,213.8,213.8,3.0,5.6
1591,1509,219.1,219.1,3.3,6.0
1592,1510,219.2,219.2,2.9,5.4
1593,1511,219.3,219.3,3.3,6.1
1594,1512,217.5,217.5,3.3,6.2
1595,1513,217.3,217.3,2.9,5.4
1596,1514,220.3,220.3,3.3,6.2
1597,1515,220.0,220.0,2.9,5.4
1598,1516,221.3,221.3,3.3,6.1
1599,1517,221.6,221.6,3.6,6.6
1600,1518,220.6,220.6,3.5,6.4
1601,1519,220.5,220.5,2.9,5.4
1602,1520,229.2,229.2,3.0,5.6
1603,1521,234.4,234.4,4.2,7.8
1604,1522,222.0,222.0,3.5,6.5
1605,1523,225.6,225.6,3.5,6.4
1606,1524,218.5,218.5,3.2,6.0
1607,1525,224.4,224.4,3.8,7.0
1608,1526,220.1,220.1,3.9,7.2
1609,1527,220.8,220.8,3.3,6.1
1610,1528,224.3,224.3,3.4,6.3
1611,1529,222.3,222.3,3.6,6.7
1612,1530,227.7,227.7,3.5,6.4
1613,1531,229.2,229.2,3.8,7.0
1614,1532,226.7,226.7,3.4,6.4
1615,1533,224.3,224.3,3.4,6.4
1616,1534,223.7,223.7,3.3,6.2
1617,1535,232.2,232.2,3.1,5.8
1618,1536,229.7,229.7,3.2,6.0
1619,1537,227.5,227.5,3.3,6.2
1620,1538,227.5,227.5,3.1,5.7
1621,1539,224.0,224.0,3.0,5.5
1622,1540,223.8,223.8,3.0,5.6
1623,1541,223.6,223.6,3.1,5.7
1624,1542,225.0,225.0,3.4,6.2
1625,1543,226.2,226.2,3.4,6.3
1626,1544,226.1,226.1,2.8,5.3
1627,1545,227.4,227.4,3.1,5.7
1628,1546,236.0,236.0,2.9,5.4
1629,1547,237.5,237.5,3.4,6.4
1630,1548,237.0,237.0,3.1,5.7
1631,1549,236.0,236.0,2.9,5.4
1632,1550,235.3,235.3,3.2,5.9
1633,1551,240.6,240.6,3.4,6.3
1634,1552,239.7,239.7,3.1,5.8
1635,1553,240.2,240.2,2.8,5.1
1636,1554,240.3,240.3,2.5,4.6
1637,1555,239.8,239.8,2.6,4.9
1638,1556,240.7,240.7,2.7,4.9
1639,1557,251.5,251.5,2.7,5.0
1640,1558,257.4,257.4,3.6,6.6
1641,1559,257.1,257.1,3.2,5.9
1642,1560,260.7,260.7,2.9,5.4
1643,1561,260.7,260.7,2.9,5.3
1644,1562,265.1,265.1,2.8,5.2
1645,1563,264.1,264.1,2.7,5.0
1646,1564,262.8,262.8,2.9,5.4
1647,1565,262.1,262.1,2.7,5.0
1648,1566,258.8,258.8,3.3,6.2
1649,1567,260.2,260.2,3.3,6.2
1650,1568,257.2,257.2,3.3,6.1
1651,1569,257.0,257.0,3.2,5.9
1652,1570,253.5,253.5,2.4,4.5
1653,1571,253.8,253.8,2.8,5.1
1654,1572,254.4,254.4,2.6,4.8
1655,1573,254.6,254.6,2.4,4.5
1656,1574,255.2,255.2,2.7,5.0
1657,1575,260.1,260.1,2.9,5.4
1658,1576,259.9,259.9,2.9,5.3
1659,1577,261.7,261.7,2.7,5.1
1660,1578,261.2,261.2,2.6,4.8
1661,1579,261.6,261.6,2.6,4.8
1662,1580,264.2,264.2,3.3,6.1
1663,1581,254.0,254.0,3.1,5.8
1664,1582,253.5,253.5,2.7,5.0
1665,1583,257.9,257.9,2.5,4.6
1666,1584,257.5,257.5,2.6,4.8
1667,1585,255.7,255.7,2.7,5.0
1668,1586,255.9,255.9,2.7,5.0
1669,1587,263.4,263.4,3.3,6.2
1670,1588,262.7,262.7,3.2,5.9
1671,1589,260.9,260.9,3.1,5.8
1672,1590,260.5,260.5,3.1,5.7
1673,1591,265.3,265.3,2.7,5.0
1674,1592,265.0,265.0,2.5,4.7
1675,1593,253.0,253.0,2.6,4.8
1676,1594,257.5,257.5,3.2,6.0
1677,1595,256.8,256.8,3.1,5.7
1678,1596,253.8,253.8,2.5,4.6
1679,1597,253.5,253.5,2.7,5.0
1680,1598,259.3,259.3,2.6,4.8
1681,1599,259.3,259.3,3.0,5.5
1682,1600,262.1,262.1,2.9,5.4
1683,1601,258.4,258.4,3.1,5.8
1684,1602,258.5,258.5,2.7,5.0
1685,1603,257.1,257.1,3.1,5.8
1686,1604,257.7,257.7,2.8,5.2
1687,1605,254.2,254.2,2.7,5.1
1688,1606,253.9,253.9,3.1,5.7
1689,1607,246.6,246.6,2.9,5.4
1690,1608,233.0,233.0,3.4,6.3
1691,1609,232.1,232.1,3.1,5.7
1692,1610,239.4,239.4,2.9,5.4
1693,1611,229.0,229.0,3.0,5.6
1694,1612,228.5,228.5,2.6,4.8
1695,1613,201.1,201.1,2.8,5.3
1696,1614,201.2,201.2,3.1,5.7
1697,1615,199.2,199.2,2.9,5.4
1698,1616,200.3,200.3,3.0,5.6
1699,1617,205.6,205.6,2.9,5.3
1700,1618,205.5,205.5,2.9,5.4
1701,1619,205.1,205.1,2.9,5.4
1702,1620,205.3,205.3,3.0,5.5
1703,1621,211.5,211.5,2.9,5.4
1704,1622,211.8,211.8,2.1,3.9
1705,1623,205.6,205.6,2.9,5.3
1706,1624,203.7,203.7,2.8,5.3
1707,1625,194.6,194.6,2.9,5.4
1708,1626,193.9,193.9,3.1,5.7
1709,1627,193.3,193.3,2.5,4.7
1710,1628,194.7,194.7,2.6,4.8
1711,1629,203.3,203.3,2.7,5.0
1712,1630,203.7,203.7,3.2,6.0
1713,1631,202.9,202.9,2.8,5.1
1714,1632,202.3,202.3,2.3,4.2
1715,1633,201.8,201.8,2.5,4.6
1716,1634,192.5,192.5,3.1,5.8
1717,1635,192.7,192.7,3.1,5.7
1718,1636,198.9,198.9,2.5,4.6
1719,1637,198.1,198.1,2.7,5.1
1720,1638,203.7,203.7,2.5,4.6
1721,1639,198.2,198.2,3.3,6.2
1722,1640,198.5,198.5,2.1,3.9
1723,1641,202.1,202.1,2.8,5.3
1724,1642,200.9,200.9,3.0,5.5
1725,1643,207.8,207.8,3.0,5.5
1726,1644,207.3,207.3,3.0,5.5
1727,1645,197.8,197.8,3.3,6.1
1728,1646,195.6,195.6,3.4,6.3
1729,1647,197.7,197.7,2.7,5.1
1730,1648,201.3,201.3,3.1,5.8
1731,1649,197.2,197.2,3.3,6.1
1732,1650,197.3,197.3,3.0,5.5
1733,1651,202.4,202.4,3.5,6.5
1734,1652,202.0,202.0,3.4,6.2
1735,1653,202.4,202.4,3.1,5.7
1736,1654,206.2,206.2,3.6,6.7
1737,1655,205.4,205.4,3.1,5.7
1738,1656,194.4,194.4,3.3,6.2
1739,1657,195.7,195.7,2.8,5.1
1740,1658,196.4,196.4,3.2,6.0
1741,1659,195.9,195.9,3.2,5.9
1742,1660,209.8,209.8,3.1,5.8
1743,1661,209.0,209.0,2.4,4.4
1744,1662,201.7,201.7,2.4,4.4
1745,1663,201.9,201.9,2.5,4.7
1746,1664,207.8,207.8,2.2,4.0
1747,1665,207.5,207.5,2.9,5.3
1748,1666,194.3,194.3,2.2,4.0
1749,1667,191.4,191.4,3.1,5.7
1750,1668,190.4,190.4,2.6,4.8
1751,1669,202.6,202.6,3.2,6.0
1752,1670,210.3,210.3,3.1,5.7
1753,1671,210.6,210.6,2.6,4.9
1754,1672,232.0,232.0,2.8,5.2
1755,1673,232.5,232.5,2.7,5.0
1756,1674,234.2,234.2,3.7,6.9
1757,1675,228.8,228.8,3.2,5.9
1758,1676,225.8,225.8,3.5,6.6
1759,1677,207.7,207.7,3.4,6.4
1760,1678,215.6,215.6,3.3,6.0
1761,1679,201.8,201.8,3.4,6.3
1762,1680,201.9,201.9,3.1,5.7
1763,1681,197.6,197.6,3.0,5.5
1764,1682,194.7,194.7,3.0,5.6
1765,1683,189.7,189.7,3.3,6.1
1766,1684,189.9,189.9,3.4,6.3
1767,1685,192.6,192.6,3.1,5.7
1768,1686,192.6,192.6,2.9,5.4
1769,1687,187.4,187.4,2.7,5.0
1770,1688,187.1,187.1,2.9,5.4
1771,1689,186.9,186.9,3.3,6.2
1772,1690,193.5,193.5,3.6,6.7
1773,1691,197.1,197.1,3.7,6.9
1774,1692,195.4,195.4,3.4,6.3
1775,1693,193.9,193.9,3.5,6.4
1776,1694,196.2,196.2,3.4,6.3
1777,1695,195.5,195.5,3.6,6.6
1778,1696,200.8,200.8,3.2,6.0
1779,1697,200.8,200.8,3.1,5.8
1780,1698,198.0,198.0,3.4,6.3
1781,1699,197.9,197.9,3.2,5.9
1782,1700,198.8,198.8,2.8,5.3
1783,1701,198.7,198.7,2.6,4.9
1784,1702,194.9,194.9,2.3,4.3
1785,1703,195.4,195.4,2.2,4.1
1786,1704,210.6,210.6,3.2,5.9
1787,1705,206.3,206.3,3.7,6.8
1788,1706,206.0,206.0,3.0,5.6
1789,1707,195.3,195.3,2.6,4.9
1790,1708,195.3,195.3,2.9,5.3
1791,1709,200.2,200.2,2.9,5.3
1792,1710,200.3,200.3,2.9,5.4
1793,1711,192.9,192.9,3.2,6.0
1794,1712,192.4,192.4,3.2,6.0
1795,1713,201.4,201.4,2.8,5.3
1796,1714,201.3,201.3,3.1,5.7
1797,1715,197.1,197.1,2.9,5.3
1798,1716,196.5,196.5,3.1,5.8
1799,1717,197.3,197.3,3.0,5.6
1800,1718,197.7,197.7,2.8,5.2
1801,1719,194.0,194.0,2.6,4.9
1802,1720,194.1,194.1,2.8,5.1
1803,1721,192.1,192.1,3.0,5.5
1804,1722,197.6,197.6,3.5,6.6
1805,1723,207.9,207.9,3.2,5.9
1806,1724,208.3,208.3,3.1,5.7
1807,1725,200.4,200.4,3.0,5.5
1808,1726,200.6,200.6,2.8,5.1
1809,1727,196.7,196.7,1.7,3.2
1810,1728,196.2,196.2,1.4,2.5
1811,1729,196.2,196.2,0.5,0.9
1812,1730,,,0.0,0.0
1813,1731,,,0.0,0.0
1814,1732,,,,
1815,1732,,,0.0,0.0
1816,1733,,,0.0,0.0
1817,1734,,,0.0,0.0
1818,1735,,,0.0,0.0
1819,1736,,,0.0,0.0
1820,1737,,,0.0,0.0
1821,1738,,,0.0,0.0
1822,1739,198.4,198.4,0.9,1.6
1823,1740,110.0,110.0,3.3,6.2
1824,1741,107.1,107.1,3.2,6.0
1825,1742,107.3,107.3,2.9,5.4
1826,1743,106.9,106.9,2.3,4.2
1827,1744,100.9,100.9,2.4,4.5
1828,1745,101.1,101.1,2.0,3.8
1829,1746,128.6,128.6,3.1,5.7
1830,1747,128.2,128.2,1.9,3.6
1831,1748,196.8,196.8,2.5,4.6
1832,1749,182.0,182.0,3.6,6.7
1833,1750,180.1,180.1,3.2,5.9
1834,1751,149.9,149.9,2.7,5.0
1835,1752,122.5,122.5,2.6,4.8
1836,1753,121.2,121.2,2.5,4.6
1837,1754,99.8,99.8,2.8,5.1
1838,1755,99.6,99.6,2.3,4.2
1839,1756,115.1,115.1,2.3,4.2
1840,1757,114.7,114.7,2.5,4.7
1841,1758,114.7,114.7,2.7,5.1
1842,1759,132.9,132.9,3.2,6.0
1843,1760,134.5,134.5,1.4,2.6
1844,1761,135.0,135.0,1.4,2.6
1845,1762,188.3,188.3,2.2,4.0
1846,1763,205.2,205.2,3.4,6.3
1847,1764,200.6,200.6,3.8,7.1
1848,1765,194.2,194.2,4.3,8.0
1849,1766,194.0,194.0,4.3,7.9
1850,1767,195.5,195.5,3.8,7.0
1851,1768,194.5,194.5,3.3,6.0
1852,1769,199.0,199.0,3.3,6.1
1853,1770,199.2,199.2,4.0,7.5
1854,1771,198.3,198.3,4.1,7.5
1855,1772,194.7,194.7,3.7,6.8
1856,1773,188.4,188.4,3.4,6.4
1857,1774,189.2,189.2,2.9,5.4
1858,1775,195.5,195.5,2.2,4.1
1859,1776,194.8,194.8,1.7,3.2
1860,1777,195.1,195.1,1.7,3.1
1861,1778,105.4,105.4,2.7,4.9
1862,1779,94.9,94.9,2.9,5.4
1863,1780,107.8,107.8,2.2,4.1
1864,1781,107.8,107.8,1.7,3.1
1865,1782,108.5,108.5,1.6,2.9
1866,1783,108.4,108.4,2.1,3.9
1867,1784,108.6,108.6,1.4,2.7
1868,1785,107.8,107.8,1.3,2.4
1869,1786,110.3,110.3,2.7,5.0
1870,1787,108.7,108.7,2.9,5.4
1871,1788,112.4,112.4,2.0,3.7
1872,1789,112.7,112.7,1.8,3.4
1873,1790,112.3,112.3,2.2,4.1
1874,1791,117.7,117.7,2.4,4.5
1875,1792,118.3,118.3,1.7,3.1
1876,1793,119.9,119.9,2.7,5.0
1877,1794,120.7,120.7,2.8,5.3
1878,1795,117.1,117.1,3.5,6.5
1879,1796,117.1,117.1,1.7,3.2
1880,1797,111.2,111.2,2.6,4.9
1881,1798,110.8,110.8,2.3,4.3
1882,1799,95.2,95.2,2.2,4.1
1883,1800,95.0,95.0,2.5,4.6
1884,1801,95.7,95.7,2.2,4.1
1885,1802,83.6,83.6,3.1,5.7
1886,1803,83.4,83.4,2.5,4.6
1887,1804,120.8,120.8,1.9,3.5
1888,1805,114.4,114.4,2.7,4.9
1889,1806,115.5,115.5,2.0,3.7
1890,1807,115.4,115.4,1.7,3.2
1891,1808,114.2,114.2,1.9,3.6
1892,1809,114.4,114.4,2.0,3.6
1893,1810,117.6,117.6,1.9,3.5
1894,1811,117.1,117.1,2.4,4.5
1895,1812,117.0,117.0,1.6,3.0
1896,1813,116.8,116.8,1.5,2.7
1897,1814,115.5,115.5,2.1,3.8
1898,1815,110.3,110.3,3.0,5.5
1899,1816,113.0,113.0,4.1,7.5
1900,1817,113.4,113.4,2.5,4.6
1901,1818,112.5,112.5,1.8,3.4
1902,1819,120.2,120.2,2.3,4.2
1903,1820,119.5,119.5,2.7,4.9
1904,1821,119.6,119.6,1.0,1.8
1905,1822,105.6,105.6,1.9,3.6
1906,1823,105.8,105.8,2.0,3.7
1907,1824,113.2,113.2,2.0,3.7
1908,1825,112.6,112.6,1.9,3.6
1909,1826,112.8,112.8,1.6,3.0
1910,1827,112.9,112.9,1.8,3.4
1911,1828,130.1,130.1,3.1,5.7
1912,1829,155.4,155.4,2.9,5.4
1913,1830,144.4,144.4,3.1,5.8
1914,1831,145.0,145.0,2.9,5.3
1915,1832,115.9,115.9,3.7,6.9
1916,1833,111.6,111.6,4.1,7.6
1917,1834,104.2,104.2,3.1,5.7
1918,1835,107.9,107.9,3.8,7.0
1919,1836,108.8,108.8,2.1,3.9
1920,1837,126.3,126.3,3.2,5.9
1921,1838,122.5,122.5,3.8,7.1
1922,1839,122.7,122.7,4.0,7.5
1923,1840,123.3,123.3,3.9,7.2
1924,1841,118.2,118.2,4.2,7.7
1925,1842,118.2,118.2,3.0,5.6
1926,1843,111.0,111.0,3.5,6.5
1927,1844,110.1,110.1,2.6,4.8
1928,1845,110.2,110.2,1.4,2.6
1929,1846,106.6,106.6,1.6,3.0
1930,1847,107.7,107.7,1.6,3.0
1931,1848,107.6,107.6,1.8,3.3
1932,1849,132.8,132.8,2.6,4.8
1933,1850,131.3,131.3,2.3,4.2
1934,1851,131.1,131.1,1.4,2.5
1935,1852,130.7,130.7,2.7,4.9
1936,1853,200.0,200.0,3.3,6.1
1937,1854,204.8,204.8,2.6,4.9
1938,1855,206.0,206.0,1.3,2.4
1939,1856,201.5,201.5,2.2,4.1
1940,1857,201.8,201.8,1.0,1.9
1941,1858,201.7,201.7,1.8,3.3
1942,1859,201.6,201.6,1.9,3.5
1943,1860,127.5,127.5,2.7,4.9
1944,1861,112.0,112.0,3.5,6.6
1945,1862,103.3,103.3,3.8,7.0
1946,1863,106.9,106.9,3.9,7.3
1947,1864,104.8,104.8,3.7,6.9
1948,1865,98.6,98.6,2.9,5.4
1949,1866,99.0,99.0,2.4,4.5
1950,1867,129.5,129.5,2.7,5.0
1951,1868,124.2,124.2,2.9,5.4
1952,1869,123.3,123.3,1.9,3.5
1953,1870,109.8,109.8,2.6,4.9
1954,1871,110.7,110.7,2.4,4.4
1955,1872,108.1,108.1,7.4,13.6
1956,1873,103.1,103.1,2.6,4.9
1957,1874,110.2,110.2,2.7,5.1
1958,1875,109.7,109.7,2.3,4.2
1959,1876,113.0,113.0,1.8,3.4
1960,1877,113.5,113.5,2.2,4.1
1961,1878,104.8,104.8,2.5,4.6
1962,1879,105.3,105.3,2.8,5.1
1963,1880,103.6,103.6,2.9,5.3
1964,1881,103.8,103.8,2.8,5.1
1965,1882,99.6,99.6,2.9,5.3
1966,1883,100.2,100.2,3.0,5.6
1967,1884,103.9,103.9,2.8,5.2
1968,1885,103.9,103.9,2.7,5.1
1969,1886,108.6,108.6,2.1,3.9
1970,1887,109.1,109.1,3.0,5.6
1971,1888,110.5,110.5,2.9,5.4
1972,1889,111.1,111.1,2.1,4.0
1973,1890,110.8,110.8,2.1,3.9
1974,1891,157.7,157.7,2.4,4.4
1975,1892,141.2,141.2,3.1,5.8
1976,1893,140.5,140.5,3.3,6.1
1977,1894,113.0,113.0,5.0,9.2
1978,1895,119.4,119.4,3.7,6.9
1979,1896,119.9,119.9,3.0,5.5
1980,1897,115.7,115.7,2.6,4.8
1981,1898,110.2,110.2,3.0,5.5
1982,1899,111.7,111.7,3.0,5.6
1983,1900,116.6,116.6,3.5,6.5
1984,1901,120.6,120.6,3.4,6.3
1985,1902,120.7,120.7,2.3,4.2
1986,1903,119.0,119.0,3.4,6.3
1987,1904,109.4,109.4,3.4,6.3
1988,1905,117.2,117.2,3.1,5.8
1989,1906,113.9,113.9,3.3,6.1
1990,1907,108.0,108.0,3.2,5.9
1991,1908,100.6,100.6,3.4,6.2
1992,1909,100.8,100.8,2.5,4.7
1993,1910,100.6,100.6,1.9,3.5
1994,1911,101.0,101.0,2.0,3.7
1995,1912,100.7,100.7,2.5,4.6
1996,1913,36.1,36.1,3.8,7.0
1997,1914,34.9,34.9,1.3,2.3
1998,1915,34.4,34.4,1.1,2.1
1999,1916,34.0,34.0,2.3,4.2
2000,1917,105.7,105.7,3.6,6.6
2001,1918,111.1,111.1,3.7,6.8
2002,1919,106.4,106.4,3.6,6.6
2003,1920,111.7,111.7,3.4,6.3
2004,1921,115.7,115.7,3.2,5.9
2005,1922,116.1,116.1,2.6,4.9
2006,1923,108.2,108.2,2.1,3.9
2007,1924,108.7,108.7,1.4,2.5
2008,1925,108.4,108.4,2.4,4.5
2009,1926,126.6,126.6,3.3,6.1
2010,1927,126.1,126.1,3.7,6.8
2011,1928,98.4,98.4,5.5,10.1
2012,1929,98.4,98.4,2.7,5.1
2013,1930,98.5,98.5,2.0,3.7
2014,1931,98.7,98.7,2.1,3.8
2015,1932,93.0,93.0,2.4,4.5
2016,1933,107.9,107.9,2.1,4.0
2017,1934,104.0,104.0,2.9,5.4
2018,1935,105.4,105.4,2.4,4.5
2019,1936,105.0,105.0,2.4,4.5
2020,1937,112.7,112.7,2.7,5.0
2021,1938,107.2,107.2,3.0,5.5
2022,1939,95.0,95.0,3.0,5.5
2023,1940,109.9,109.9,3.2,6.0
2024,1941,109.6,109.6,2.9,5.3
2025,1942,106.6,106.6,3.6,6.7
2026,1943,108.6,108.6,2.2,4.0
2027,1944,113.9,113.9,3.0,5.5
2028,1945,94.5,94.5,3.2,6.0
2029,1946,106.0,106.0,3.1,5.7
2030,1947,105.7,105.7,2.7,5.1
2031,1948,97.2,97.2,3.3,6.0
2032,1949,97.5,97.5,3.0,5.5
2033,1950,107.0,107.0,2.8,5.2
2034,1951,154.2,154.2,1.4,2.5
2035,1952,149.3,149.3,2.5,4.6
2036,1953,150.4,150.4,2.2,4.1
2037,1954,105.2,105.2,3.3,6.1
2038,1955,99.5,99.5,3.3,6.0
2039,1956,98.0,98.0,3.0,5.5
2040,1957,107.3,107.3,3.1,5.7
2041,1958,107.2,107.2,2.9,5.4
2042,1959,107.2,107.2,3.0,5.6
2043,1960,106.7,106.7,3.2,6.0
2044,1961,95.1,95.1,2.9,5.4
2045,1962,85.9,85.9,2.6,4.8
2046,1963,85.6,85.6,2.5,4.6
2047,1964,101.7,101.7,2.6,4.9
2048,1965,101.9,101.9,2.2,4.1
2049,1966,101.8,101.8,1.7,3.2
2050,1967,,,0.0,0.0
2051,1968,101.6,101.6,1.0,1.9
2052,1969,101.9,101.9,1.5,2.7
2053,1970,347.0,347.0,2.1,3.9
2054,1971,102.3,102.3,0.8,1.4
2055,1972,102.6,102.6,1.3,2.5
2056,1973,62.7,62.7,2.0,3.7
2057,1974,39.8,39.8,2.3,4.2
2058,1975,33.1,33.1,3.4,6.3
2059,1976,24.6,24.6,3.2,6.0
2060,1977,41.0,41.0,1.2,2.3
2061,1978,11.6,11.6,3.2,5.9
2062,1979,23.8,23.8,3.7,6.8
2063,1980,23.9,23.9,3.0,5.5
2064,1981,31.7,31.7,3.4,6.3
2065,1982,29.3,29.3,3.1,5.7
2066,1983,29.9,29.9,2.2,4.0
2067,1984,25.9,25.9,3.1,5.7
2068,1985,25.4,25.4,3.0,5.5
2069,1986,24.8,24.8,2.9,5.4
2070,1987,29.3,29.3,2.5,4.7
2071,1988,30.0,30.0,2.1,4.0
2072,1989,14.7,14.7,2.6,4.8
2073,1990,24.0,24.0,2.8,5.3
2074,1991,25.0,25.0,2.9,5.3
2075,1992,24.1,24.1,2.9,5.3
2076,1993,23.4,23.4,2.5,4.7
2077,1994,0.1,0.1,2.3,4.2
2078,1995,15.8,15.8,3.1,5.8
2079,1996,0.3,0.3,3.2,6.0
2080,1997,0.4,0.4,1.8,3.3
2081,1998,0.0,0.0,1.7,3.2
2082,1999,359.6,359.6,0.4,0.8
2083,2000,359.6,359.6,0.8,1.4
2084,2001,359.7,359.7,1.7,3.2
2085,2002,359.7,359.7,1.6,3.0
2086,2003,359.6,359.6,1.4,2.7
2087,2004,75.8,75.8,1.6,3.0
2088,2005,359.8,359.8,1.3,2.4
2089,2006,359.8,359.8,1.0,1.8
2090,2007,359.8,359.8,1.1,2.0
2091,2008,25.2,25.2,2.0,3.8
2092,2009,359.7,359.7,1.9,3.5
2093,2010,332.9,332.9,1.6,3.0
2094,2011,315.9,315.9,1.7,3.1
2095,2012,306.5,306.5,1.7,3.2
2096,2013,302.5,302.5,1.0,1.9
2097,2014,262.1,262.1,1.8,3.3
2098,2015,,,0.0,0.0
2099,2016,259.2,259.2,1.6,2.9
2100,2017,346.2,346.2,2.5,4.6
2101,2018,345.7,345.7,1.5,2.7
2102,2019,345.6,345.6,2.5,4.6
2103,2020,347.1,347.1,1.2,2.3
2104,2021,347.1,347.1,0.3,0.6
2105,2022,346.9,346.9,1.3,2.4
2106,2023,347.2,347.2,0.7,1.3
2107,2024,347.7,347.7,0.9,1.7
2108,2025,347.9,347.9,1.3,2.4
2109,2026,348.1,348.1,1.0,1.9
2110,2027,348.4,348.4,1.7,3.1
2111,2028,348.4,348.4,1.9,3.6
2112,2029,37.6,37.6,2.3,4.2
2113,2030,35.3,35.3,2.3,4.3
2114,2031,46.5,46.5,2.3,4.3
2115,2032,54.0,54.0,2.9,5.3
2116,2033,57.3,57.3,2.2,4.0
2117,2034,58.1,58.1,1.4,2.6
2118,2035,42.6,42.6,2.8,5.3
2119,2036,27.8,27.8,2.0,3.6
2120,2037,2.3,2.3,1.5,2.7
2121,2038,348.9,348.9,0.7,1.3
2122,2039,143.4,143.4,2.5,4.6
2123,2040,80.8,80.8,1.2,2.2
2124,2041,83.9,83.9,2.5,4.6
2125,2042,90.2,90.2,2.4,4.5
2126,2043,127.7,127.7,3.2,5.9
2127,2044,112.1,112.1,2.7,5.0
2128,2045,111.8,111.8,2.4,4.4
2129,2046,110.8,110.8,3.1,5.8
2130,2047,90.7,90.7,3.1,5.8
2131,2048,113.5,113.5,3.4,6.3
2132,2049,112.8,112.8,3.4,6.3
2133,2050,112.5,112.5,3.2,5.9
2134,2051,101.4,101.4,3.0,5.6
2135,2052,101.3,101.3,2.7,5.0
2136,2053,112.2,112.2,2.3,4.2
2137,2054,100.9,100.9,2.8,5.3
2138,2055,106.9,106.9,3.9,7.2
2139,2056,108.5,108.5,2.7,5.0
2140,2057,111.6,111.6,2.7,5.0
2141,2058,111.4,111.4,3.1,5.7
2142,2059,111.5,111.5,1.5,2.8
2143,2060,111.2,111.2,0.9,1.7
2144,2061,72.2,72.2,2.2,4.1
2145,2062,110.5,110.5,1.9,3.5
2146,2063,110.1,110.1,1.7,3.1
2147,2064,110.1,110.1,1.4,2.6
2148,2065,92.3,92.3,3.1,5.8
2149,2066,113.0,113.0,2.9,5.3
2150,2067,114.0,114.0,2.9,5.4
2151,2068,114.6,114.6,2.1,4.0
2152,2069,104.8,104.8,3.4,6.4
2153,2070,105.5,105.5,2.9,5.3
2154,2071,109.5,109.5,2.4,4.5
2155,2072,111.4,111.4,3.0,5.6
2156,2073,110.0,110.0,3.0,5.5
2157,2074,109.5,109.5,2.5,4.6
2158,2075,104.1,104.1,3.1,5.7
2159,2076,103.7,103.7,2.7,4.9
2160,2077,103.8,103.8,2.8,5.2
2161,2078,105.6,105.6,2.8,5.3
2162,2079,108.0,108.0,2.8,5.3
2163,2080,116.0,116.0,3.0,5.6
2164,2081,120.0,120.0,3.0,5.5
2165,2082,119.9,119.9,1.9,3.5
2166,2083,116.8,116.8,3.1,5.7
2167,2084,119.3,119.3,1.9,3.5
2168,2085,106.2,106.2,2.1,4.0
2169,2086,119.4,119.4,1.1,2.1
2170,2087,,,0.0,0.0
2171,2088,,,0.0,0.0
2172,2089,,,0.0,0.0
2173,2090,,,0.0,0.0
2174,2091,120.6,120.6,0.5,0.9
2175,2092,120.6,120.6,1.0,1.9
2176,2093,120.6,120.6,1.3,2.3
2177,2094,120.6,120.6,0.9,1.6
2178,2095,,,0.0,0.0
2179,2096,120.6,120.6,0.3,0.6
2180,2097,126.6,126.6,2.4,4.4
2181,2098,126.7,126.7,1.6,3.0
2182,2099,128.9,128.9,2.9,5.4
2183,2100,129.6,129.6,2.8,5.1
2184,2101,133.7,133.7,2.0,3.7
2185,2102,136.1,136.1,2.3,4.3
2186,2103,135.6,135.6,2.1,3.9
2187,2104,120.8,120.8,1.7,3.2
2188,2105,120.7,120.7,2.6,4.8
2189,2106,120.7,120.7,1.7,3.1
2190,2107,122.1,122.1,2.7,5.0
2191,2108,120.6,120.6,2.3,4.2
2192,2109,106.5,106.5,2.6,4.9
2193,2110,106.6,106.6,2.9,5.4
2194,2111,106.7,106.7,3.5,6.6
2195,2112,105.2,105.2,2.9,5.4
2196,2113,104.4,104.4,2.1,3.8
2197,2114,110.7,110.7,2.4,4.5
2198,2115,112.0,112.0,2.4,4.5
2199,2116,111.5,111.5,2.2,4.1
2200,2117,117.9,117.9,2.5,4.6
2201,2118,118.5,118.5,2.7,5.0
2202,2119,118.1,118.1,1.4,2.6
2203,2120,118.6,118.6,1.3,2.4
2204,2121,110.6,110.6,2.7,5.0
2205,2122,110.3,110.3,1.4,2.6
2206,2123,110.1,110.1,1.5,2.8
2207,2124,115.6,115.6,2.3,4.2
2208,2125,119.5,119.5,1.9,3.5
2209,2126,114.1,114.1,1.9,3.6
2210,2127,108.8,108.8,1.9,3.6
2211,2128,108.9,108.9,1.5,2.8
2212,2129,95.3,95.3,2.0,3.8
2213,2130,107.7,107.7,0.8,1.5
2214,2131,107.4,107.4,0.6,1.0
2215,2132,107.1,107.1,1.5,2.8
2216,2133,107.4,107.4,1.3,2.4
2217,2134,119.6,119.6,2.2,4.1
2218,2135,114.6,114.6,1.7,3.2
2219,2136,107.6,107.6,1.1,2.1
2220,2137,114.3,114.3,2.2,4.1
2221,2138,102.5,102.5,2.1,3.9
2222,2139,94.6,94.6,1.8,3.4
2223,2140,88.2,88.2,1.7,3.2
2224,2141,104.3,104.3,2.3,4.2
2225,2142,106.1,106.1,1.9,3.6
2226,2143,102.9,102.9,1.5,2.8
2227,2144,84.0,84.0,1.2,2.3
2228,2145,63.4,63.4,1.9,3.5
2229,2146,64.4,64.4,2.4,4.4
2230,2147,72.9,72.9,2.7,5.1
2231,2148,89.1,89.1,3.1,5.7
2232,2149,99.8,99.8,2.9,5.4
2233,2150,111.4,111.4,2.5,4.7
2234,2151,110.5,110.5,1.7,3.2
2235,2152,118.3,118.3,2.7,5.0
2236,2153,113.9,113.9,2.9,5.4
2237,2154,114.9,114.9,1.4,2.5
2238,2155,114.8,114.8,1.2,2.3
2239,2156,119.4,119.4,1.0,1.9
2240,2157,119.5,119.5,0.5,1.0
2241,2158,119.4,119.4,1.2,2.2
2242,2159,119.7,119.7,1.2,2.2
2243,2160,119.2,119.2,0.9,1.7
2244,2161,119.4,119.4,1.0,1.9
2245,2162,119.5,119.5,0.6,1.1
2246,2163,119.6,119.6,0.4,0.8
2247,2164,119.4,119.4,1.8,3.3
2248,2165,119.6,119.6,0.6,1.1
2249,2166,119.6,119.6,0.5,0.9
2250,2167,119.8,119.8,1.0,1.9
2251,2168,119.8,119.8,1.0,1.9
2252,2169,120.0,120.0,1.7,3.1
2253,2170,119.8,119.8,1.8,3.4
2254,2171,104.9,104.9,2.1,3.8
2255,2172,85.3,85.3,3.2,6.0
2256,2173,117.3,117.3,3.0,5.5
2257,2174,103.6,103.6,3.2,5.9
2258,2175,102.6,102.6,1.9,3.6
2259,2176,102.9,102.9,2.0,3.8
2260,2177,104.7,104.7,3.1,5.8
2261,2178,103.6,103.6,2.6,4.9
2262,2179,104.0,104.0,2.5,4.6
2263,2180,104.5,104.5,3.1,5.7
2264,2181,105.1,105.1,2.6,4.9
2265,2182,114.3,114.3,2.7,4.9
2266,2183,114.4,114.4,2.4,4.4
2267,2184,114.3,114.3,2.5,4.6
2268,2185,114.4,114.4,1.3,2.3
2269,2186,114.4,114.4,2.3,4.3
2270,2187,114.3,114.3,2.4,4.5
2271,2188,114.3,114.3,2.3,4.3
2272,2189,153.9,153.9,2.7,5.0
2273,2190,152.5,152.5,2.3,4.3
2274,2191,140.5,140.5,2.2,4.0
2275,2192,119.6,119.6,2.2,4.1
2276,2193,111.9,111.9,3.2,6.0
2277,2194,112.0,112.0,2.4,4.4
2278,2195,111.9,111.9,3.0,5.5
2279,2196,111.8,111.8,2.3,4.3
2280,2197,111.5,111.5,2.3,4.2
2281,2198,116.1,116.1,3.0,5.5
2282,2199,111.3,111.3,2.4,4.5
2283,2200,112.8,112.8,2.1,4.0
2284,2201,111.0,111.0,1.7,3.1
2285,2202,110.3,110.3,2.3,4.3
2286,2203,105.4,105.4,2.1,3.8
2287,2204,109.5,109.5,2.4,4.5
2288,2205,101.1,101.1,2.3,4.2
2289,2206,109.1,109.1,2.2,4.0
2290,2207,112.6,112.6,2.8,5.3
2291,2208,116.6,116.6,3.2,6.0
2292,2209,115.4,115.4,1.7,3.2
2293,2210,115.5,115.5,2.3,4.2
2294,2211,115.6,115.6,2.1,3.8
2295,2212,115.5,115.5,2.5,4.6
2296,2213,28.0,28.0,2.5,4.7
2297,2214,27.5,27.5,2.1,4.0
2298,2215,27.8,27.8,3.1,5.7
2299,2216,24.6,24.6,3.2,6.0
2300,2217,23.9,23.9,2.6,4.8
2301,2218,23.5,23.5,3.1,5.7
2302,2219,13.3,13.3,3.2,5.9
2303,2220,24.2,24.2,1.0,1.8
2304,2221,24.3,24.3,0.8,1.5
2305,2222,17.4,17.4,2.6,4.9
2306,2223,17.7,17.7,2.5,4.7
2307,2224,17.6,17.6,2.3,4.2
2308,2225,20.1,20.1,2.8,5.2
2309,2226,21.3,21.3,2.2,4.0
2310,2227,21.1,21.1,1.9,3.5
2311,2228,27.1,27.1,3.4,6.3
2312,2229,21.7,21.7,1.5,2.8
2313,2230,22.1,22.1,3.1,5.7
2314,2231,21.8,21.8,3.4,6.3
2315,2232,21.9,21.9,2.6,4.9
2316,2233,22.0,22.0,2.8,5.2
2317,2234,26.9,26.9,2.6,4.8
2318,2235,26.8,26.8,2.3,4.2
2319,2236,27.3,27.3,2.9,5.4
2320,2237,27.5,27.5,2.8,5.3
2321,2238,27.4,27.4,1.9,3.5
2322,2239,27.1,27.1,1.9,3.5
2323,2240,16.3,16.3,2.6,4.8
2324,2241,21.5,21.5,2.9,5.3
2325,2242,27.1,27.1,1.9,3.6
2326,2243,27.1,27.1,1.7,3.1
2327,2244,26.5,26.5,1.2,2.3
2328,2245,26.1,26.1,2.0,3.7
2329,2246,11.5,11.5,2.6,4.8
2330,2247,17.5,17.5,2.3,4.2
2331,2248,32.1,32.1,1.5,2.8
2332,2249,,,0.0,0.0
2333,2250,,,0.0,0.0
2334,2251,,,0.0,0.0
2335,2252,55.5,55.5,1.4,2.6
2336,2253,36.2,36.2,1.1,2.1
2337,2254,36.2,36.2,1.6,2.9
2338,2255,23.6,23.6,3.3,6.2
2339,2256,23.4,23.4,3.1,5.7
2340,2257,23.7,23.7,2.7,5.1
2341,2258,23.7,23.7,2.5,4.7
2342,2259,23.6,23.6,2.0,3.7
2343,2260,27.9,27.9,4.3,8.0
2344,2261,18.4,18.4,4.3,8.0
2345,2262,18.2,18.2,3.0,5.5
2346,2263,24.1,24.1,3.1,5.8
2347,2264,31.0,31.0,3.1,5.7
2348,2265,32.0,32.0,2.3,4.2
2349,2266,21.1,21.1,3.4,6.3
2350,2267,25.0,25.0,4.2,7.8
2351,2268,26.8,26.8,3.3,6.1
2352,2269,26.3,26.3,3.0,5.5
2353,2270,26.3,26.3,2.2,4.1
2354,2271,23.3,23.3,3.1,5.7
2355,2272,24.5,24.5,2.6,4.9
2356,2273,24.1,24.1,2.2,4.1
2357,2274,6.0,6.0,2.9,5.4
2358,2275,20.5,20.5,3.0,5.6
2359,2276,20.5,20.5,3.3,6.1
2360,2277,16.6,16.6,3.1,5.8
2361,2278,16.7,16.7,2.8,5.3
2362,2279,17.5,17.5,3.3,6.1
2363,2280,22.6,22.6,3.3,6.2
2364,2281,19.6,19.6,3.3,6.1
2365,2282,20.8,20.8,2.3,4.3
2366,2283,27.4,27.4,2.4,4.5
2367,2284,27.2,27.2,2.6,4.8
2368,2285,25.3,25.3,2.6,4.8
2369,2286,33.1,33.1,2.7,5.0
2370,2287,33.1,33.1,2.5,4.7
2371,2288,33.0,33.0,2.8,5.1
2372,2289,35.1,35.1,3.0,5.6
2373,2290,34.4,34.4,2.9,5.4
2374,2291,34.3,34.3,2.9,5.4
2375,2292,12.2,12.2,3.3,6.0
2376,2293,10.9,10.9,3.1,5.7
2377,2294,11.1,11.1,2.8,5.2
2378,2295,22.8,22.8,2.8,5.2
2379,2296,15.0,15.0,3.9,7.2
2380,2297,12.7,12.7,3.7,6.9
2381,2298,18.0,18.0,3.1,5.7
2382,2299,13.1,13.1,3.5,6.4
2383,2300,17.6,17.6,3.1,5.8
2384,2301,8.4,8.4,3.8,7.1
2385,2302,8.8,8.8,2.8,5.1
2386,2303,20.6,20.6,2.4,4.4
2387,2304,20.4,20.4,2.3,4.3
2388,2305,12.4,12.4,3.0,5.6
2389,2306,20.2,20.2,3.1,5.8
2390,2307,17.4,17.4,3.4,6.3
2391,2308,26.9,26.9,3.8,7.1
2392,2309,39.3,39.3,3.2,5.9
2393,2310,41.3,41.3,3.4,6.2
2394,2311,43.1,43.1,2.0,3.7
2395,2312,42.0,42.0,2.3,4.2
2396,2313,88.5,88.5,3.8,7.0
2397,2314,96.1,96.1,3.4,6.3
2398,2315,98.7,98.7,3.2,5.9
2399,2316,102.9,102.9,3.1,5.8
2400,2317,103.5,103.5,2.5,4.6
2401,2318,105.8,105.8,2.1,4.0
2402,2319,111.9,111.9,3.3,6.1
2403,2320,111.9,111.9,1.5,2.8
2404,2321,112.3,112.3,1.6,3.0
2405,2322,,,0.0,0.0
2406,2323,,,0.0,0.0
2407,2324,,,0.0,0.0
2408,2325,,,0.0,0.0
2409,2326,,,0.0,0.0
2410,2327,,,0.0,0.0
2411,2328,,,0.0,0.0
2412,2329,,,0.0,0.0
2413,2330,,,0.0,0.0
2414,2331,,,0.0,0.0
2415,2332,,,0.0,0.0
2416,2333,,,0.0,0.0
2417,2334,,,0.0,0.0
2418,2335,,,0.0,0.0
2419,2336,,,0.0,0.0
2420,2337,,,,
2421,2337,,,0.0,0.0
2422,2338,,,0.0,0.0
2423,2339,,,0.0,0.0
2424,2340,,,0.0,0.0
2425,2341,,,0.0,0.0
2426,2342,,,0.0,0.0
2427,2343,,,0.0,0.0
2428,2344,,,0.0,0.0
2429,2345,,,0.0,0.0
2430,2346,,,0.0,0.0
2431,2347,,,0.0,0.0
2432,2348,,,0.0,0.0
2433,2349,,,0.0,0.0
2434,2350,,,0.0,0.0
2435,2351,,,0.0,0.0
2436,2352,,,0.0,0.0
2437,2353,,,0.0,0.0
2438,2354,,,0.0,0.0
2439,2355,,,0.0,0.0
2440,2356,,,0.0,0.0
2441,2357,,,0.0,0.0
2442,2358,,,0.0,0.0
2443,2359,,,0.0,0.0
2444,2360,,,0.0,0.0
2445,2361,,,0.0,0.0
2446,2362,,,0.0,0.0
2447,2363,,,0.0,0.0
2448,2364,,,0.0,0.0
2449,2365,,,0.0,0.0
2450,2366,,,0.0,0.0
2451,2367,,,0.0,0.0
2452,2368,,,0.0,0.0
2453,2369,,,0.0,0.0
2454,2370,90.4,90.4,2.4,4.4
2455,2371,92.3,92.3,2.3,4.2
2456,2372,92.1,92.1,1.5,2.8
2457,2373,92.3,92.3,1.4,2.6
2458,2374,111.5,111.5,2.1,3.9
2459,2375,111.4,111.4,1.6,2.9
2460,2376,111.6,111.6,1.4,2.7
2461,2377,112.0,112.0,1.5,2.7
2462,2378,112.4,112.4,2.1,3.8
2463,2379,112.6,112.6,1.4,2.6
2464,2380,112.8,112.8,1.9,3.6
2465,2381,113.0,113.0,1.6,3.0
2466,2382,112.5,112.5,1.7,3.2
2467,2383,112.7,112.7,1.7,3.1
2468,2384,112.9,112.9,1.2,2.2
2469,2385,,,0.0,0.0
2470,2386,83.6,83.6,1.7,3.2
2471,2387,31.8,31.8,2.6,4.8
2472,2388,31.4,31.4,0.7,1.3
2473,2389,30.7,30.7,2.5,4.7
2474,2390,16.0,16.0,2.7,5.0
2475,2391,15.3,15.3,2.7,5.1
2476,2392,15.3,15.3,2.0,3.7
2477,2393,30.2,30.2,2.4,4.4
2478,2394,34.8,34.8,2.9,5.3
2479,2395,35.1,35.1,1.6,3.0
2480,2396,35.3,35.3,2.2,4.1
2481,2397,18.5,18.5,2.8,5.1
2482,2398,19.2,19.2,3.0,5.5
2483,2399,22.7,22.7,2.4,4.4
2484,2400,29.1,29.1,2.3,4.3
2485,2401,22.7,22.7,2.3,4.2
2486,2402,26.5,26.5,1.9,3.6
2487,2403,20.4,20.4,1.7,3.2
2488,2404,42.2,42.2,2.4,4.4
2489,2405,35.9,35.9,1.9,3.6
2490,2406,16.8,16.8,2.4,4.5
2491,2407,17.6,17.6,1.9,3.5
2492,2408,18.2,18.2,1.6,3.0
2493,2409,18.4,18.4,1.8,3.3
2494,2410,18.6,18.6,1.9,3.5
2495,2411,18.6,18.6,1.3,2.5
2496,2412,18.3,18.3,0.7,1.3
2497,2413,18.8,18.8,0.6,1.1
2498,2414,19.1,19.1,0.7,1.4
2499,2415,19.3,19.3,0.7,1.3
2500,2416,34.2,34.2,2.4,4.5
2501,2417,29.5,29.5,1.5,2.7
2502,2418,358.5,358.5,3.1,5.7
2503,2419,359.0,359.0,1.3,2.4
2504,2420,358.7,358.7,2.1,3.9
2505,2421,2.6,2.6,2.3,4.2
2506,2422,2.9,2.9,2.3,4.3
2507,2423,2.4,2.4,2.2,4.1
2508,2424,3.1,3.1,2.0,3.8
2509,2425,2.7,2.7,2.1,3.9
2510,2426,2.2,2.2,0.7,1.4
2511,2427,2.3,2.3,0.8,1.4
2512,2428,28.2,28.2,1.7,3.2
2513,2429,31.3,31.3,2.1,3.9
2514,2430,2.4,2.4,1.2,2.3
2515,2431,1.9,1.9,1.5,2.7
2516,2432,26.6,26.6,1.8,3.4
2517,2433,21.9,21.9,2.2,4.1
2518,2434,16.2,16.2,2.0,3.7
2519,2435,15.9,15.9,2.9,5.4
2520,2436,8.2,8.2,2.4,4.4
2521,2437,16.4,16.4,3.2,5.9
2522,2438,24.8,24.8,2.8,5.2
2523,2439,19.8,19.8,2.7,5.0
2524,2440,19.3,19.3,1.5,2.8
2525,2441,19.3,19.3,2.1,3.9
2526,2442,19.0,19.0,2.6,4.9
2527,2443,24.2,24.2,2.8,5.2
2528,2444,24.0,24.0,2.2,4.0
2529,2445,24.5,24.5,1.4,2.6
2530,2446,70.6,70.6,2.7,5.0
2531,2447,72.2,72.2,2.4,4.4
2532,2448,95.1,95.1,3.1,5.7
2533,2449,73.2,73.2,2.0,3.7
2534,2450,73.3,73.3,2.6,4.8
2535,2451,73.3,73.3,2.4,4.5
2536,2452,73.4,73.4,2.4,4.4
2537,2453,113.2,113.2,2.2,4.1
2538,2454,116.4,116.4,3.0,5.6
2539,2455,115.6,115.6,2.7,5.1
2540,2456,105.2,105.2,3.0,5.5
2541,2457,105.1,105.1,3.2,5.9
2542,2458,104.5,104.5,2.6,4.9
2543,2459,113.5,113.5,2.6,4.9
2544,2460,119.2,119.2,1.8,3.3
2545,2461,121.5,121.5,1.6,3.0
2546,2462,120.4,120.4,2.4,4.5
2547,2463,120.5,120.5,2.7,5.0
2548,2464,120.4,120.4,2.5,4.6
2549,2465,116.7,116.7,2.7,5.0
2550,2466,116.7,116.7,1.8,3.3
2551,2467,116.7,116.7,2.7,5.0
2552,2468,116.6,116.6,1.9,3.5
2553,2469,103.2,103.2,3.0,5.5
2554,2470,116.6,116.6,2.0,3.7
2555,2471,103.5,103.5,2.5,4.6
2556,2472,105.7,105.7,0.8,1.5
2557,2473,105.7,105.7,0.6,1.1
2558,2474,,,0.0,0.0
2559,2475,,,0.0,0.0
2560,2476,,,0.0,0.0
2561,2477,105.7,105.7,0.3,0.5
2562,2478,,,0.0,0.0
2563,2479,,,0.0,0.0
2564,2480,,,0.0,0.0
2565,2481,,,0.0,0.0
2566,2482,,,0.0,0.0
2567,2483,,,0.0,0.0
2568,2484,,,0.0,0.0
2569,2485,,,0.0,0.0
2570,2486,,,0.0,0.0
2571,2487,,,0.0,0.0
2572,2488,,,0.0,0.0
2573,2489,,,0.0,0.0
2574,2490,,,0.0,0.0
2575,2491,,,0.0,0.0
2576,2492,,,0.0,0.0
2577,2493,,,0.0,0.0
2578,2494,,,0.0,0.0
2579,2495,,,0.0,0.0
2580,2496,,,0.0,0.0
2581,2497,,,0.0,0.0
2582,2498,,,0.0,0.0
2583,2499,,,0.0,0.0
2584,2500,,,0.0,0.0
2585,2501,,,0.0,0.0
2586,2502,105.7,105.7,1.3,2.4
2587,2503,105.7,105.7,2.0,3.7
2588,2504,77.7,77.7,2.1,3.9
2589,2505,77.7,77.7,2.5,4.6
2590,2506,77.7,77.7,1.2,2.3
2591,2507,77.7,77.7,1.8,3.3
2592,2508,77.7,77.7,1.7,3.1
2593,2509,102.7,102.7,2.2,4.0
2594,2510,101.3,101.3,2.5,4.6
2595,2511,111.4,111.4,3.0,5.6
2596,2512,111.3,111.3,3.1,5.8
2597,2513,111.3,111.3,2.3,4.2
2598,2514,111.3,111.3,2.3,4.2
2599,2515,111.3,111.3,2.5,4.6
2600,2516,111.3,111.3,2.6,4.9
2601,2517,107.4,107.4,2.2,4.0
2602,2518,111.3,111.3,1.2,2.3
2603,2519,111.3,111.3,1.1,2.1
2604,2520,87.1,87.1,1.8,3.4
2605,2521,103.7,103.7,2.6,4.8
2606,2522,107.6,107.6,1.7,3.1
2607,2523,111.3,111.3,1.0,1.9
2608,2524,,,0.0,0.0
2609,2525,,,0.0,0.0
2610,2526,111.3,111.3,0.8,1.4
2611,2527,111.3,111.3,0.7,1.3
2612,2528,111.3,111.3,0.3,0.6
2613,2529,111.3,111.3,0.5,0.9
2614,2530,179.4,179.4,1.4,2.6
2615,2531,111.3,111.3,1.3,2.4
2616,2532,163.3,163.3,1.8,3.3
2617,2533,114.2,114.2,1.9,3.5
2618,2534,94.9,94.9,1.2,2.3
2619,2535,85.6,85.6,2.0,3.6
2620,2536,99.9,99.9,1.5,2.8
2621,2537,111.3,111.3,0.8,1.4
2622,2538,102.6,102.6,1.1,2.1
2623,2539,80.8,80.8,1.1,2.0
2624,2540,86.8,86.8,1.7,3.2
2625,2541,65.0,65.0,2.3,4.2
2626,2542,65.4,65.4,1.3,2.4
2627,2543,,,0.0,0.0
2628,2544,111.3,111.3,0.3,0.6
2629,2545,111.3,111.3,0.3,0.6
2630,2546,319.3,319.3,0.8,1.5
2631,2547,111.3,111.3,0.3,0.5
2632,2548,111.3,111.3,0.3,0.5
2633,2549,352.8,352.8,1.5,2.8
2634,2550,341.6,341.6,0.8,1.4
2635,2551,0.8,0.8,0.8,1.4
2636,2552,111.3,111.3,0.3,0.6
2637,2553,331.1,331.1,1.4,2.6
2638,2554,302.7,302.7,0.8,1.4
2639,2555,322.1,322.1,0.9,1.7
2640,2556,329.3,329.3,1.2,2.3
2641,2557,353.1,353.1,1.0,1.9
2642,2558,336.1,336.1,1.2,2.3
2643,2559,334.5,334.5,0.9,1.7
2644,2560,334.2,334.2,0.9,1.7
2645,2561,345.2,345.2,0.6,1.0
2646,2562,43.9,43.9,1.8,3.3
2647,2563,43.8,43.8,2.0,3.7
2648,2564,37.6,37.6,2.2,4.1
2649,2565,25.5,25.5,0.3,0.6
2650,2566,23.6,23.6,0.9,1.7
2651,2567,17.0,17.0,0.5,1.0
2652,2568,32.5,32.5,1.6,3.0
2653,2569,53.1,53.1,1.5,2.8
2654,2570,65.9,65.9,2.1,3.8
2655,2571,,,0.0,0.0
2656,2572,,,0.0,0.0
2657,2573,,,0.0,0.0
2658,2574,,,0.0,0.0
2659,2575,,,0.0,0.0
2660,2576,,,0.0,0.0
2661,2577,,,0.0,0.0
2662,2578,,,0.0,0.0
2663,2579,,,0.0,0.0
2664,2580,,,0.0,0.0
2665,2581,,,0.0,0.0
2666,2582,,,0.0,0.0
2667,2583,,,0.0,0.0
2668,2584,,,0.0,0.0
2669,2585,,,0.0,0.0
2670,2586,,,0.0,0.0
2671,2587,61.7,61.7,0.8,1.4
2672,2588,,,0.0,0.0
2673,2589,,,0.0,0.0
2674,2590,,,0.0,0.0
2675,2591,,,0.0,0.0
2676,2592,,,0.0,0.0
2677,2593,,,0.0,0.0
2678,2594,,,0.0,0.0
2679,2595,,,0.0,0.0
2680,2596,,,0.0,0.0
2681,2597,,,0.0,0.0
2682,2598,,,0.0,0.0
2683,2599,,,0.0,0.0
2684,2600,,,0.0,0.0
2685,2601,,,0.0,0.0
2686,2602,,,0.0,0.0
2687,2603,,,0.0,0.0
2688,2604,,,0.0,0.0
2689,2605,,,0.0,0.0
2690,2606,,,0.0,0.0
2691,2607,,,0.0,0.0
2692,2608,,,0.0,0.0
2693,2609,,,0.0,0.0
2694,2610,,,0.0,0.0
2695,2611,,,0.0,0.0
2696,2612,,,0.0,0.0
2697,2613,,,0.0,0.0
2698,2614,,,0.0,0.0
2699,2615,,,0.0,0.0
2700,2616,,,0.0,0.0
2701,2617,,,0.0,0.0
2702,2618,,,0.0,0.0
2703,2619,,,0.0,0.0
2704,2620,,,0.0,0.0
2705,2621,,,0.0,0.0
2706,2622,,,0.0,0.0
2707,2623,,,0.0,0.0
2708,2624,,,0.0,0.0
2709,2625,,,0.0,0.0
2710,2626,,,0.0,0.0
2711,2627,,,0.0,0.0
