rid,time,satnum,elev,azim,SNR
1,06:59:06 Z,02,28,105,41
1,06:59:06 Z,03,01,356,
1,06:59:06 Z,06,23,058,27
1,06:59:06 Z,11,21,103,29
1,06:59:06 Z,12,66,062,28
1,06:59:06 Z,19,09,039,14
1,06:59:06 Z,22,32,303,26
1,06:59:06 Z,24,39,140,35
1,06:59:06 Z,25,63,274,20
1,06:59:06 Z,29,25,199,27
1,06:59:06 Z,31,12,305,29
1,06:59:06 Z,32,40,276,23
2,06:59:11 Z,02,28,105,22
2,06:59:11 Z,03,01,356,
2,06:59:11 Z,06,23,058,26
2,06:59:11 Z,11,22,103,21
2,06:59:11 Z,12,66,062,34
2,06:59:11 Z,19,09,039,20
2,06:59:11 Z,22,32,303,23
2,06:59:11 Z,24,39,140,30
2,06:59:11 Z,25,63,274,29
2,06:59:11 Z,29,25,199,27
2,06:59:11 Z,31,12,305,27
2,06:59:11 Z,32,40,276,23
3,06:59:16 Z,02,28,105,21
3,06:59:16 Z,03,01,356,
3,06:59:16 Z,06,23,058,26
3,06:59:16 Z,11,22,103,23
3,06:59:16 Z,12,66,062,28
3,06:59:16 Z,19,09,039,23
3,06:59:16 Z,22,32,303,21
3,06:59:16 Z,24,39,140,38
3,06:59:16 Z,25,63,274,25
3,06:59:16 Z,29,25,199,40
3,06:59:16 Z,31,12,305,28
3,06:59:16 Z,32,40,276,32
4,06:59:21 Z,02,28,105,22
4,06:59:21 Z,03,01,356,
4,06:59:21 Z,06,23,058,22
4,06:59:21 Z,11,22,103,24
4,06:59:21 Z,12,66,062,17
4,06:59:21 Z,19,09,039,22
4,06:59:21 Z,22,33,303,25
4,06:59:21 Z,24,39,140,32
4,06:59:21 Z,25,63,274,26
4,06:59:21 Z,29,25,199,41
4,06:59:21 Z,31,12,305,30
4,06:59:21 Z,32,40,276,33
5,06:59:26 Z,02,28,105,22
5,06:59:26 Z,03,01,356,
5,06:59:26 Z,06,23,058,19
5,06:59:26 Z,11,22,103,24
5,06:59:26 Z,12,66,062,16
5,06:59:26 Z,19,09,039,24
5,06:59:26 Z,22,33,303,26
5,06:59:26 Z,24,38,140,40
5,06:59:26 Z,25,64,274,25
5,06:59:26 Z,29,26,199,36
5,06:59:26 Z,31,12,305,23
5,06:59:26 Z,32,40,276,26
6,06:59:31 Z,02,28,105,20
6,06:59:31 Z,03,01,356,09
6,06:59:31 Z,06,23,058,22
6,06:59:31 Z,11,22,103,21
6,06:59:31 Z,12,66,062,29
6,06:59:31 Z,19,09,039,21
6,06:59:31 Z,22,33,303,35
6,06:59:31 Z,24,38,140,22
6,06:59:31 Z,25,64,274,22
6,06:59:31 Z,29,26,199,37
6,06:59:31 Z,31,12,305,21
6,06:59:31 Z,32,40,276,27
7,06:59:36 Z,02,28,105,20
7,06:59:36 Z,03,01,356,
7,06:59:36 Z,06,23,058,23
7,06:59:36 Z,11,22,103,20
7,06:59:36 Z,12,66,062,26
7,06:59:36 Z,19,09,039,25
7,06:59:36 Z,22,33,303,30
7,06:59:36 Z,24,38,140,28
7,06:59:36 Z,25,64,274,27
7,06:59:36 Z,29,26,199,33
7,06:59:36 Z,31,12,305,20
7,06:59:36 Z,32,40,276,26
8,06:59:41 Z,02,28,105,20
8,06:59:41 Z,03,01,356,
8,06:59:41 Z,06,23,058,23
8,06:59:41 Z,11,22,103,17
8,06:59:41 Z,12,66,062,23
8,06:59:41 Z,19,09,039,19
8,06:59:41 Z,22,33,303,19
8,06:59:41 Z,24,38,140,19
8,06:59:41 Z,25,64,274,22
8,06:59:41 Z,29,26,199,23
8,06:59:41 Z,31,12,305,20
8,06:59:41 Z,32,40,276,29
9,06:59:46 Z,02,28,105,26
9,06:59:46 Z,03,02,356,
9,06:59:46 Z,06,23,058,35
9,06:59:46 Z,11,22,103,31
9,06:59:46 Z,12,66,062,25
9,06:59:46 Z,19,09,039,24
9,06:59:46 Z,22,33,303,20
9,06:59:46 Z,24,38,140,
9,06:59:46 Z,25,64,274,17
9,06:59:46 Z,29,26,199,23
9,06:59:46 Z,31,12,305,18
9,06:59:46 Z,32,40,276,23
10,06:59:51 Z,02,28,105,16
10,06:59:51 Z,03,02,356,
10,06:59:51 Z,06,23,057,41
10,06:59:51 Z,11,22,103,32
10,06:59:51 Z,12,66,062,28
10,06:59:51 Z,19,09,039,26
10,06:59:51 Z,22,33,303,30
10,06:59:51 Z,24,38,140,23
10,06:59:51 Z,25,64,274,29
10,06:59:51 Z,29,26,199,20
10,06:59:51 Z,31,12,305,23
10,06:59:51 Z,32,40,276,30
11,06:59:56 Z,02,28,105,39
11,06:59:56 Z,03,02,356,
11,06:59:56 Z,06,23,057,33
11,06:59:56 Z,11,22,103,38
11,06:59:56 Z,12,66,062,38
11,06:59:56 Z,19,09,039,28
11,06:59:56 Z,22,33,303,29
11,06:59:56 Z,24,38,140,36
11,06:59:56 Z,25,64,274,28
11,06:59:56 Z,29,26,199,34
11,06:59:56 Z,31,12,305,33
11,06:59:56 Z,32,40,276,28
12,07:00:01 Z,02,28,105,23
12,07:00:01 Z,03,02,356,14
12,07:00:01 Z,06,23,057,38
12,07:00:01 Z,11,22,103,26
12,07:00:01 Z,12,66,062,23
12,07:00:01 Z,19,08,039,32
12,07:00:01 Z,22,33,303,27
12,07:00:01 Z,24,38,140,30
12,07:00:01 Z,25,64,274,24
12,07:00:01 Z,29,26,199,24
12,07:00:01 Z,31,12,305,35
12,07:00:01 Z,32,40,276,31
13,07:00:06 Z,02,28,105,32
13,07:00:06 Z,03,02,356,
13,07:00:06 Z,06,23,057,43
13,07:00:06 Z,11,22,103,36
13,07:00:06 Z,12,66,062,34
13,07:00:06 Z,19,08,039,27
13,07:00:06 Z,22,33,303,31
13,07:00:06 Z,24,38,140,30
13,07:00:06 Z,25,64,274,23
13,07:00:06 Z,29,26,199,23
13,07:00:06 Z,31,12,305,32
13,07:00:06 Z,32,40,276,25
14,07:00:11 Z,02,28,105,30
14,07:00:11 Z,03,02,356,13
14,07:00:11 Z,06,23,057,35
14,07:00:11 Z,11,22,103,32
14,07:00:11 Z,12,66,062,24
14,07:00:11 Z,19,08,039,26
14,07:00:11 Z,22,33,303,29
14,07:00:11 Z,24,38,140,28
14,07:00:11 Z,25,64,275,30
14,07:00:11 Z,29,26,199,24
14,07:00:11 Z,31,12,305,33
14,07:00:11 Z,32,40,276,32
15,07:00:16 Z,02,28,105,33
15,07:00:16 Z,03,02,356,
15,07:00:16 Z,06,23,057,32
15,07:00:16 Z,11,22,103,38
15,07:00:16 Z,12,66,062,34
15,07:00:16 Z,19,08,039,26
15,07:00:16 Z,22,33,303,34
15,07:00:16 Z,24,38,140,32
15,07:00:16 Z,25,64,275,24
15,07:00:16 Z,29,26,199,26
15,07:00:16 Z,31,12,305,35
15,07:00:16 Z,32,40,276,32
16,07:00:21 Z,02,28,105,31
16,07:00:21 Z,03,02,356,
16,07:00:21 Z,06,23,057,29
16,07:00:21 Z,11,22,103,27
16,07:00:21 Z,12,66,062,33
16,07:00:21 Z,19,08,039,24
16,07:00:21 Z,22,33,303,32
16,07:00:21 Z,24,38,140,35
16,07:00:21 Z,25,64,275,24
16,07:00:21 Z,29,26,199,29
16,07:00:21 Z,31,12,305,34
16,07:00:21 Z,32,40,276,32
17,07:00:26 Z,02,28,105,25
17,07:00:26 Z,03,02,356,
17,07:00:26 Z,06,23,057,31
17,07:00:26 Z,11,22,103,23
17,07:00:26 Z,12,66,062,33
17,07:00:26 Z,19,08,039,25
17,07:00:26 Z,22,33,303,31
17,07:00:26 Z,24,38,140,26
17,07:00:26 Z,25,64,275,22
17,07:00:26 Z,29,26,199,28
17,07:00:26 Z,31,12,305,23
17,07:00:26 Z,32,40,276,38
18,07:00:31 Z,02,28,104,30
18,07:00:31 Z,03,02,355,17
18,07:00:31 Z,06,23,057,36
18,07:00:31 Z,11,22,103,24
18,07:00:31 Z,12,66,062,33
18,07:00:31 Z,19,08,039,20
18,07:00:31 Z,22,33,303,34
18,07:00:31 Z,24,38,140,21
18,07:00:31 Z,25,64,275,23
18,07:00:31 Z,29,26,199,31
18,07:00:31 Z,31,12,305,25
18,07:00:31 Z,32,40,276,33
19,07:00:36 Z,02,28,104,25
19,07:00:36 Z,03,02,355,
19,07:00:36 Z,06,23,057,31
19,07:00:36 Z,11,22,103,24
19,07:00:36 Z,12,66,062,28
19,07:00:36 Z,19,08,039,21
19,07:00:36 Z,22,33,303,35
19,07:00:36 Z,24,38,140,23
19,07:00:36 Z,25,64,275,25
19,07:00:36 Z,29,26,199,25
19,07:00:36 Z,31,12,305,24
19,07:00:36 Z,32,40,276,30
20,07:00:41 Z,02,28,104,25
20,07:00:41 Z,03,02,355,
20,07:00:41 Z,06,23,057,32
20,07:00:41 Z,11,22,102,25
20,07:00:41 Z,12,65,063,32
20,07:00:41 Z,19,08,039,22
20,07:00:41 Z,22,33,303,35
20,07:00:41 Z,24,38,140,22
20,07:00:41 Z,25,64,275,24
20,07:00:41 Z,29,26,199,26
20,07:00:41 Z,31,12,305,26
20,07:00:41 Z,32,40,276,35
21,07:00:46 Z,02,28,104,26
21,07:00:46 Z,03,02,355,
21,07:00:46 Z,06,23,057,25
21,07:00:46 Z,11,22,102,23
21,07:00:46 Z,12,65,063,29
21,07:00:46 Z,19,08,039,25
21,07:00:46 Z,22,33,303,26
21,07:00:46 Z,24,38,140,23
21,07:00:46 Z,25,64,275,22
21,07:00:46 Z,29,26,199,28
21,07:00:46 Z,31,12,305,21
21,07:00:46 Z,32,40,276,35
22,07:00:51 Z,02,28,104,22
22,07:00:51 Z,03,02,355,
22,07:00:51 Z,06,23,057,37
22,07:00:51 Z,11,22,102,22
22,07:00:51 Z,12,65,063,27
22,07:00:51 Z,19,08,039,35
22,07:00:51 Z,22,33,302,14
22,07:00:51 Z,24,38,140,24
22,07:00:51 Z,25,64,275,22
22,07:00:51 Z,29,26,199,27
22,07:00:51 Z,31,12,305,18
22,07:00:51 Z,32,40,276,27
23,07:00:56 Z,02,28,104,24
23,07:00:56 Z,03,02,355,
23,07:00:56 Z,06,23,057,29
23,07:00:56 Z,11,22,102,23
23,07:00:56 Z,12,65,063,28
23,07:00:56 Z,19,08,039,20
23,07:00:56 Z,22,33,302,10
23,07:00:56 Z,24,38,140,23
23,07:00:56 Z,25,64,275,09
23,07:00:56 Z,29,26,199,28
23,07:00:56 Z,31,12,305,14
23,07:00:56 Z,32,40,276,19
24,07:01:01 Z,02,28,104,25
24,07:01:01 Z,03,02,355,
24,07:01:01 Z,06,23,057,35
24,07:01:01 Z,11,22,102,23
24,07:01:01 Z,12,65,063,29
24,07:01:01 Z,19,08,039,14
24,07:01:01 Z,22,33,302,08
24,07:01:01 Z,24,38,140,22
24,07:01:01 Z,25,64,275,10
24,07:01:01 Z,29,26,199,28
24,07:01:01 Z,31,12,305,15
24,07:01:01 Z,32,40,275,11
25,07:01:06 Z,02,28,104,29
25,07:01:06 Z,03,02,355,
25,07:01:06 Z,06,23,057,24
25,07:01:06 Z,11,22,102,26
25,07:01:06 Z,12,65,063,28
25,07:01:06 Z,19,08,039,15
25,07:01:06 Z,22,33,302,10
25,07:01:06 Z,24,38,140,25
25,07:01:06 Z,25,64,275,12
25,07:01:06 Z,29,26,199,26
25,07:01:06 Z,31,12,305,21
25,07:01:06 Z,32,40,275,16
26,07:01:11 Z,02,28,104,33
26,07:01:11 Z,03,02,355,09
26,07:01:11 Z,06,23,057,23
26,07:01:11 Z,11,22,102,26
26,07:01:11 Z,12,65,063,26
26,07:01:11 Z,19,08,039,15
26,07:01:11 Z,22,33,302,13
26,07:01:11 Z,24,38,140,23
26,07:01:11 Z,25,64,275,10
26,07:01:11 Z,29,26,199,26
26,07:01:11 Z,31,12,305,26
26,07:01:11 Z,32,40,275,17
27,07:01:16 Z,02,28,104,29
27,07:01:16 Z,03,02,355,08
27,07:01:16 Z,06,23,057,42
27,07:01:16 Z,11,22,102,32
27,07:01:16 Z,12,65,063,39
27,07:01:16 Z,19,08,039,15
27,07:01:16 Z,22,33,302,13
27,07:01:16 Z,24,38,140,26
27,07:01:16 Z,25,64,275,17
27,07:01:16 Z,29,26,199,25
27,07:01:16 Z,31,12,305,22
27,07:01:16 Z,32,40,275,21
28,07:01:21 Z,02,28,104,28
28,07:01:21 Z,03,02,355,
28,07:01:21 Z,06,23,057,37
28,07:01:21 Z,11,22,102,26
28,07:01:21 Z,12,65,063,34
28,07:01:21 Z,19,08,039,08
28,07:01:21 Z,22,33,302,20
28,07:01:21 Z,24,38,140,30
28,07:01:21 Z,25,64,275,19
28,07:01:21 Z,29,26,199,24
28,07:01:21 Z,31,12,305,21
28,07:01:21 Z,32,40,275,23
29,07:01:26 Z,02,28,104,33
29,07:01:26 Z,03,02,355,
29,07:01:26 Z,06,23,057,37
29,07:01:26 Z,11,22,102,30
29,07:01:26 Z,12,65,063,30
29,07:01:26 Z,19,08,039,15
29,07:01:26 Z,22,33,302,21
29,07:01:26 Z,24,38,140,28
29,07:01:26 Z,25,64,275,22
29,07:01:26 Z,29,26,199,26
29,07:01:26 Z,31,12,305,17
29,07:01:26 Z,32,40,275,24
30,07:01:31 Z,02,28,104,33
30,07:01:31 Z,03,02,355,
30,07:01:31 Z,06,23,057,43
30,07:01:31 Z,11,22,102,29
30,07:01:31 Z,12,65,063,26
30,07:01:31 Z,19,08,039,18
30,07:01:31 Z,22,33,302,23
30,07:01:31 Z,24,38,140,28
30,07:01:31 Z,25,64,275,20
30,07:01:31 Z,29,26,199,32
30,07:01:31 Z,31,12,305,28
30,07:01:31 Z,32,40,275,23
31,07:01:36 Z,02,28,104,32
31,07:01:36 Z,03,02,355,
31,07:01:36 Z,06,23,057,39
31,07:01:36 Z,11,22,102,30
31,07:01:36 Z,12,65,063,38
31,07:01:36 Z,19,08,039,19
31,07:01:36 Z,22,33,302,35
31,07:01:36 Z,24,37,140,35
31,07:01:36 Z,25,65,276,22
31,07:01:36 Z,29,26,199,28
31,07:01:36 Z,31,12,305,25
31,07:01:36 Z,32,40,275,25
32,07:01:41 Z,02,28,104,35
32,07:01:41 Z,03,02,355,
32,07:01:41 Z,06,23,057,21
32,07:01:41 Z,11,22,102,41
32,07:01:41 Z,12,65,063,37
32,07:01:41 Z,19,08,039,17
32,07:01:41 Z,22,33,302,28
32,07:01:41 Z,24,37,140,29
32,07:01:41 Z,25,65,276,23
32,07:01:41 Z,29,27,199,26
32,07:01:41 Z,31,13,305,24
32,07:01:41 Z,32,40,275,25
33,07:01:46 Z,02,28,104,28
33,07:01:46 Z,03,02,355,
33,07:01:46 Z,06,23,057,22
33,07:01:46 Z,11,22,102,28
33,07:01:46 Z,12,65,063,26
33,07:01:46 Z,19,08,039,20
33,07:01:46 Z,22,33,302,26
33,07:01:46 Z,24,37,140,32
33,07:01:46 Z,25,65,276,25
33,07:01:46 Z,29,27,199,25
33,07:01:46 Z,31,13,305,25
33,07:01:46 Z,32,40,275,33
34,07:01:51 Z,02,28,104,39
34,07:01:51 Z,03,02,355,
34,07:01:51 Z,06,23,057,22
34,07:01:51 Z,11,22,102,29
34,07:01:51 Z,12,65,063,28
34,07:01:51 Z,19,08,039,17
34,07:01:51 Z,22,33,302,27
34,07:01:51 Z,24,37,140,30
34,07:01:51 Z,25,65,276,27
34,07:01:51 Z,29,27,199,31
34,07:01:51 Z,31,13,305,26
34,07:01:51 Z,32,40,275,28
35,07:01:56 Z,02,29,104,35
35,07:01:56 Z,03,02,355,
35,07:01:56 Z,06,23,057,21
35,07:01:56 Z,11,22,102,37
35,07:01:56 Z,12,65,063,34
35,07:01:56 Z,19,08,039,17
35,07:01:56 Z,22,33,302,34
35,07:01:56 Z,24,37,140,34
35,07:01:56 Z,25,65,276,25
35,07:01:56 Z,29,27,199,31
35,07:01:56 Z,31,13,305,27
35,07:01:56 Z,32,40,275,35
36,07:02:01 Z,02,29,104,30
36,07:02:01 Z,03,02,355,
36,07:02:01 Z,06,23,056,23
36,07:02:01 Z,11,22,102,27
36,07:02:01 Z,12,65,063,34
36,07:02:01 Z,19,08,039,19
36,07:02:01 Z,22,33,302,29
36,07:02:01 Z,24,37,140,35
36,07:02:01 Z,25,65,276,27
36,07:02:01 Z,29,27,199,25
36,07:02:01 Z,31,13,305,30
36,07:02:01 Z,32,40,275,31
37,07:02:06 Z,02,29,104,24
37,07:02:06 Z,03,02,355,
37,07:02:06 Z,06,23,056,22
37,07:02:06 Z,11,22,102,27
37,07:02:06 Z,12,65,063,35
37,07:02:06 Z,19,08,039,20
37,07:02:06 Z,22,33,302,26
37,07:02:06 Z,24,37,140,30
37,07:02:06 Z,25,65,276,28
37,07:02:06 Z,29,27,199,30
37,07:02:06 Z,31,13,305,31
37,07:02:06 Z,32,40,275,32
38,07:02:11 Z,02,29,104,27
38,07:02:11 Z,03,02,355,
38,07:02:11 Z,06,23,056,23
38,07:02:11 Z,11,22,102,31
38,07:02:11 Z,12,65,063,35
38,07:02:11 Z,19,08,039,19
38,07:02:11 Z,22,33,302,26
38,07:02:11 Z,24,37,140,28
38,07:02:11 Z,25,65,276,27
38,07:02:11 Z,29,27,199,33
38,07:02:11 Z,31,13,305,31
38,07:02:11 Z,32,40,275,31
39,07:02:16 Z,02,29,104,25
39,07:02:16 Z,03,02,355,
39,07:02:16 Z,06,23,056,23
39,07:02:16 Z,11,22,102,24
39,07:02:16 Z,12,65,063,35
39,07:02:16 Z,19,08,039,20
39,07:02:16 Z,22,33,302,36
39,07:02:16 Z,24,37,140,25
39,07:02:16 Z,25,65,276,32
39,07:02:16 Z,29,27,199,40
39,07:02:16 Z,31,13,305,29
39,07:02:16 Z,32,40,275,35
40,07:02:21 Z,02,29,104,23
40,07:02:21 Z,03,02,355,
40,07:02:21 Z,06,23,056,24
40,07:02:21 Z,11,22,102,23
40,07:02:21 Z,12,65,063,25
40,07:02:21 Z,19,08,039,18
40,07:02:21 Z,22,33,302,31
40,07:02:21 Z,24,37,140,24
40,07:02:21 Z,25,65,276,25
40,07:02:21 Z,29,27,199,31
40,07:02:21 Z,31,13,305,24
40,07:02:21 Z,32,40,275,34
41,07:02:26 Z,02,29,104,23
41,07:02:26 Z,03,02,355,
41,07:02:26 Z,06,23,056,25
41,07:02:26 Z,11,22,102,19
41,07:02:26 Z,12,65,063,25
41,07:02:26 Z,19,08,039,18
41,07:02:26 Z,22,33,302,30
41,07:02:26 Z,24,37,140,22
41,07:02:26 Z,25,65,276,28
41,07:02:26 Z,29,27,199,30
41,07:02:26 Z,31,13,305,25
41,07:02:26 Z,32,40,274,36
42,07:02:31 Z,02,29,104,19
42,07:02:31 Z,03,02,355,
42,07:02:31 Z,06,23,056,23
42,07:02:31 Z,11,22,102,20
42,07:02:31 Z,12,65,063,22
42,07:02:31 Z,19,08,039,18
42,07:02:31 Z,22,33,302,26
42,07:02:31 Z,24,37,140,23
42,07:02:31 Z,25,65,276,28
42,07:02:31 Z,29,27,199,34
42,07:02:31 Z,31,13,305,24
42,07:02:31 Z,32,40,274,33
43,07:02:36 Z,02,29,104,18
43,07:02:36 Z,03,02,355,
43,07:02:36 Z,06,23,056,22
43,07:02:36 Z,11,22,102,19
43,07:02:36 Z,12,65,063,21
43,07:02:36 Z,19,08,039,19
43,07:02:36 Z,22,33,302,21
43,07:02:36 Z,24,37,140,19
43,07:02:36 Z,25,65,276,22
43,07:02:36 Z,29,27,199,27
43,07:02:36 Z,31,13,305,21
43,07:02:36 Z,32,40,274,24
44,07:02:41 Z,02,29,103,23
44,07:02:41 Z,03,02,355,
44,07:02:41 Z,06,23,056,19
44,07:02:41 Z,11,22,102,29
44,07:02:41 Z,12,65,063,34
44,07:02:41 Z,19,08,039,20
44,07:02:41 Z,22,33,302,23
44,07:02:41 Z,24,37,140,20
44,07:02:41 Z,25,65,276,23
44,07:02:41 Z,29,27,199,17
44,07:02:41 Z,31,13,305,22
44,07:02:41 Z,32,40,274,24
45,07:02:46 Z,02,29,103,20
45,07:02:46 Z,03,02,355,
45,07:02:46 Z,06,23,056,33
45,07:02:46 Z,11,22,102,25
45,07:02:46 Z,12,65,063,37
45,07:02:46 Z,19,08,039,19
45,07:02:46 Z,22,33,302,27
45,07:02:46 Z,24,37,140,22
45,07:02:46 Z,25,65,276,23
45,07:02:46 Z,29,27,199,31
45,07:02:46 Z,31,13,305,24
45,07:02:46 Z,32,40,274,31
46,07:02:51 Z,02,29,103,22
46,07:02:51 Z,03,02,355,
46,07:02:51 Z,06,23,056,34
46,07:02:51 Z,11,23,102,29
46,07:02:51 Z,12,64,063,27
46,07:02:51 Z,19,08,039,22
46,07:02:51 Z,22,33,302,35
46,07:02:51 Z,24,37,140,23
46,07:02:51 Z,25,65,276,23
46,07:02:51 Z,29,27,199,28
46,07:02:51 Z,31,13,305,25
46,07:02:51 Z,32,40,274,33
47,07:02:56 Z,02,29,103,30
47,07:02:56 Z,03,02,355,
47,07:02:56 Z,06,23,056,30
47,07:02:56 Z,11,23,102,24
47,07:02:56 Z,12,64,063,32
47,07:02:56 Z,19,08,039,29
47,07:02:56 Z,22,33,302,24
47,07:02:56 Z,24,37,140,25
47,07:02:56 Z,25,65,276,25
47,07:02:56 Z,29,27,199,36
47,07:02:56 Z,31,13,305,29
47,07:02:56 Z,32,40,274,26
48,07:03:01 Z,02,29,103,26
48,07:03:01 Z,03,02,355,
48,07:03:01 Z,06,23,056,26
48,07:03:01 Z,11,23,102,21
48,07:03:01 Z,12,64,063,32
48,07:03:01 Z,19,07,039,30
48,07:03:01 Z,22,33,301,27
48,07:03:01 Z,24,37,140,30
48,07:03:01 Z,25,65,276,22
48,07:03:01 Z,29,27,199,30
48,07:03:01 Z,31,13,305,27
48,07:03:01 Z,32,40,274,25
49,07:03:06 Z,02,29,103,27
49,07:03:06 Z,03,02,354,16
49,07:03:06 Z,06,23,056,24
49,07:03:06 Z,11,23,102,22
49,07:03:06 Z,12,64,063,30
49,07:03:06 Z,19,07,039,25
49,07:03:06 Z,22,33,301,25
49,07:03:06 Z,24,37,140,27
49,07:03:06 Z,25,65,276,22
49,07:03:06 Z,29,27,199,34
49,07:03:06 Z,31,13,305,29
49,07:03:06 Z,32,40,274,27
50,07:03:11 Z,02,29,103,26
50,07:03:11 Z,03,02,354,13
50,07:03:11 Z,06,23,056,33
50,07:03:11 Z,11,23,102,25
50,07:03:11 Z,12,64,063,25
50,07:03:11 Z,19,07,039,23
50,07:03:11 Z,22,33,301,26
50,07:03:11 Z,24,37,140,30
50,07:03:11 Z,25,65,276,29
50,07:03:11 Z,29,27,199,27
50,07:03:11 Z,31,13,305,25
50,07:03:11 Z,32,40,274,22
51,07:03:16 Z,02,29,103,33
51,07:03:16 Z,03,02,354,12
51,07:03:16 Z,06,23,056,27
51,07:03:16 Z,11,23,102,25
51,07:03:16 Z,12,64,063,23
51,07:03:16 Z,19,07,039,26
51,07:03:16 Z,22,33,301,26
51,07:03:16 Z,24,37,140,28
51,07:03:16 Z,25,65,276,24
51,07:03:16 Z,29,27,199,32
51,07:03:16 Z,31,13,305,25
51,07:03:16 Z,32,40,274,27
52,07:03:21 Z,02,29,103,21
52,07:03:21 Z,03,02,354,12
52,07:03:21 Z,06,23,056,26
52,07:03:21 Z,11,23,102,20
52,07:03:21 Z,12,64,063,22
52,07:03:21 Z,19,07,039,30
52,07:03:21 Z,22,33,301,27
52,07:03:21 Z,24,37,140,28
52,07:03:21 Z,25,65,276,26
52,07:03:21 Z,29,27,199,25
52,07:03:21 Z,31,13,305,24
52,07:03:21 Z,32,40,274,32
53,07:03:26 Z,02,29,103,18
53,07:03:26 Z,03,02,354,14
53,07:03:26 Z,06,23,056,24
53,07:03:26 Z,11,23,102,19
53,07:03:26 Z,12,64,063,22
53,07:03:26 Z,19,07,039,24
53,07:03:26 Z,22,33,301,25
53,07:03:26 Z,24,37,140,23
53,07:03:26 Z,25,65,276,24
53,07:03:26 Z,29,27,199,32
53,07:03:26 Z,31,13,305,26
53,07:03:26 Z,32,40,274,27
54,07:03:31 Z,02,29,103,22
54,07:03:31 Z,03,02,354,14
54,07:03:31 Z,06,23,056,28
54,07:03:31 Z,11,23,102,21
54,07:03:31 Z,12,64,063,33
54,07:03:31 Z,19,07,039,26
54,07:03:31 Z,22,33,301,30
54,07:03:31 Z,24,37,140,22
54,07:03:31 Z,25,65,276,23
54,07:03:31 Z,29,27,199,26
54,07:03:31 Z,31,13,305,25
54,07:03:31 Z,32,40,274,32
55,07:03:36 Z,02,29,103,26
55,07:03:36 Z,03,02,354,15
55,07:03:36 Z,06,23,056,24
55,07:03:36 Z,11,23,101,22
55,07:03:36 Z,12,64,064,31
55,07:03:36 Z,19,07,039,23
55,07:03:36 Z,22,33,301,34
55,07:03:36 Z,24,37,140,23
55,07:03:36 Z,25,65,276,27
55,07:03:36 Z,29,27,199,25
55,07:03:36 Z,31,13,305,25
55,07:03:36 Z,32,40,274,37
56,07:03:41 Z,02,29,103,31
56,07:03:41 Z,03,02,354,
56,07:03:41 Z,06,23,056,35
56,07:03:41 Z,11,23,101,32
56,07:03:41 Z,12,64,064,36
56,07:03:41 Z,19,07,039,25
56,07:03:41 Z,22,33,301,39
56,07:03:41 Z,24,37,140,22
56,07:03:41 Z,25,65,276,26
56,07:03:41 Z,29,27,199,25
56,07:03:41 Z,31,13,305,26
56,07:03:41 Z,32,40,274,37
57,07:03:46 Z,02,29,103,32
57,07:03:46 Z,03,02,354,
57,07:03:46 Z,06,23,056,38
57,07:03:46 Z,11,23,101,24
57,07:03:46 Z,12,64,064,41
57,07:03:46 Z,19,07,039,27
57,07:03:46 Z,22,33,301,33
57,07:03:46 Z,24,36,141,26
57,07:03:46 Z,25,65,276,25
57,07:03:46 Z,29,27,199,27
57,07:03:46 Z,31,13,305,27
57,07:03:46 Z,32,40,274,36
58,07:03:51 Z,02,29,103,25
58,07:03:51 Z,03,02,354,
58,07:03:51 Z,06,23,056,34
58,07:03:51 Z,11,23,101,25
58,07:03:51 Z,12,64,064,25
58,07:03:51 Z,19,07,039,27
58,07:03:51 Z,22,33,301,31
58,07:03:51 Z,24,36,141,26
58,07:03:51 Z,25,66,277,25
58,07:03:51 Z,29,28,199,28
58,07:03:51 Z,31,13,305,25
58,07:03:51 Z,32,40,274,28
59,07:03:56 Z,02,29,103,30
59,07:03:56 Z,03,02,354,
59,07:03:56 Z,06,23,056,34
59,07:03:56 Z,11,23,101,24
59,07:03:56 Z,12,64,064,31
59,07:03:56 Z,19,07,039,32
59,07:03:56 Z,22,33,301,34
59,07:03:56 Z,24,36,141,24
59,07:03:56 Z,25,66,277,23
59,07:03:56 Z,29,28,199,26
59,07:03:56 Z,31,14,305,25
59,07:03:56 Z,32,40,273,31
60,07:04:01 Z,02,29,103,29
60,07:04:01 Z,03,02,354,17
60,07:04:01 Z,06,23,056,32
60,07:04:01 Z,11,23,101,30
60,07:04:01 Z,12,64,064,32
60,07:04:01 Z,19,07,039,26
60,07:04:01 Z,22,33,301,39
60,07:04:01 Z,24,36,141,24
60,07:04:01 Z,25,66,277,31
60,07:04:01 Z,29,28,199,24
60,07:04:01 Z,31,14,305,25
60,07:04:01 Z,32,40,273,35
61,07:04:06 Z,02,29,103,33
61,07:04:06 Z,03,02,354,
61,07:04:06 Z,06,23,056,29
61,07:04:06 Z,11,23,101,40
61,07:04:06 Z,12,64,064,32
61,07:04:06 Z,19,07,039,26
61,07:04:06 Z,22,33,301,34
61,07:04:06 Z,24,36,141,26
61,07:04:06 Z,25,66,277,31
61,07:04:06 Z,29,28,199,27
61,07:04:06 Z,31,14,305,26
61,07:04:06 Z,32,40,273,26
62,07:04:11 Z,02,29,103,28
62,07:04:11 Z,03,02,354,
62,07:04:11 Z,06,23,056,27
62,07:04:11 Z,11,23,101,29
62,07:04:11 Z,12,64,064,28
62,07:04:11 Z,19,07,039,21
62,07:04:11 Z,22,33,301,25
62,07:04:11 Z,24,36,141,22
62,07:04:11 Z,25,66,277,26
62,07:04:11 Z,29,28,199,37
62,07:04:11 Z,31,14,305,24
62,07:04:11 Z,32,40,273,31
63,07:04:16 Z,02,29,103,35
63,07:04:16 Z,03,02,354,06
63,07:04:16 Z,06,23,055,27
63,07:04:16 Z,11,23,101,29
63,07:04:16 Z,12,64,064,26
63,07:04:16 Z,19,07,039,18
63,07:04:16 Z,22,33,301,26
63,07:04:16 Z,24,36,141,23
63,07:04:16 Z,25,66,277,33
63,07:04:16 Z,29,28,199,38
63,07:04:16 Z,31,14,305,24
63,07:04:16 Z,32,40,273,39
64,07:04:21 Z,02,29,103,29
64,07:04:21 Z,03,02,354,07
64,07:04:21 Z,06,23,055,29
64,07:04:21 Z,11,23,101,26
64,07:04:21 Z,12,64,064,29
64,07:04:21 Z,19,07,039,19
64,07:04:21 Z,22,33,301,26
64,07:04:21 Z,24,36,141,25
64,07:04:21 Z,25,66,277,35
64,07:04:21 Z,29,28,199,27
64,07:04:21 Z,31,14,305,31
64,07:04:21 Z,32,40,273,44
65,07:04:26 Z,02,29,103,22
65,07:04:26 Z,03,02,354,07
65,07:04:26 Z,06,23,055,30
65,07:04:26 Z,11,23,101,30
65,07:04:26 Z,12,64,064,23
65,07:04:26 Z,19,07,039,19
65,07:04:26 Z,22,33,301,21
65,07:04:26 Z,24,36,141,26
65,07:04:26 Z,25,66,277,35
65,07:04:26 Z,29,28,199,32
65,07:04:26 Z,31,14,305,32
65,07:04:26 Z,32,40,273,44
66,07:04:31 Z,02,29,103,35
66,07:04:31 Z,03,02,354,07
66,07:04:31 Z,06,23,055,26
66,07:04:31 Z,11,23,101,37
66,07:04:31 Z,12,64,064,31
66,07:04:31 Z,19,07,039,19
66,07:04:31 Z,22,33,301,21
66,07:04:31 Z,24,36,141,31
66,07:04:31 Z,25,66,277,37
66,07:04:31 Z,29,28,199,28
66,07:04:31 Z,31,14,305,29
66,07:04:31 Z,32,40,273,43
67,07:04:36 Z,02,29,103,37
67,07:04:36 Z,03,02,354,
67,07:04:36 Z,06,23,055,
67,07:04:36 Z,11,23,101,39
67,07:04:36 Z,12,64,064,30
67,07:04:36 Z,19,07,039,18
67,07:04:36 Z,22,33,301,22
67,07:04:36 Z,24,36,141,24
67,07:04:36 Z,25,66,277,33
67,07:04:36 Z,29,28,200,26
67,07:04:36 Z,31,14,305,26
67,07:04:36 Z,32,40,273,45
68,07:04:41 Z,02,29,103,40
68,07:04:41 Z,03,02,354,
68,07:04:41 Z,06,23,055,
68,07:04:41 Z,11,23,101,40
68,07:04:41 Z,12,64,064,27
68,07:04:41 Z,19,07,039,15
68,07:04:41 Z,22,33,301,25
68,07:04:41 Z,24,36,141,30
68,07:04:41 Z,25,66,277,36
68,07:04:41 Z,29,28,200,32
68,07:04:41 Z,31,14,305,30
68,07:04:41 Z,32,40,273,37
68,07:04:41 Z,39,30,156,27
69,07:04:46 Z,02,29,103,34
69,07:04:46 Z,03,02,354,11
69,07:04:46 Z,06,23,055,
69,07:04:46 Z,11,23,101,34
69,07:04:46 Z,12,64,064,25
69,07:04:46 Z,19,07,039,23
69,07:04:46 Z,22,33,301,35
69,07:04:46 Z,24,36,141,27
69,07:04:46 Z,25,66,277,31
69,07:04:46 Z,29,28,200,36
69,07:04:46 Z,31,14,305,24
69,07:04:46 Z,32,40,273,43
69,07:04:46 Z,39,30,156,33
70,07:04:51 Z,02,29,103,37
70,07:04:51 Z,03,02,354,15
70,07:04:51 Z,06,23,055,22
70,07:04:51 Z,11,23,101,32
70,07:04:51 Z,12,64,064,24
70,07:04:51 Z,19,07,039,21
70,07:04:51 Z,22,33,301,23
70,07:04:51 Z,24,36,141,35
70,07:04:51 Z,25,66,277,26
70,07:04:51 Z,29,28,200,39
70,07:04:51 Z,31,14,305,20
70,07:04:51 Z,32,40,273,36
70,07:04:51 Z,39,30,156,36
71,07:04:56 Z,02,29,102,34
71,07:04:56 Z,03,02,354,15
71,07:04:56 Z,06,23,055,37
71,07:04:56 Z,11,23,101,35
71,07:04:56 Z,12,64,064,23
71,07:04:56 Z,19,07,039,18
71,07:04:56 Z,22,33,301,20
71,07:04:56 Z,24,36,141,22
71,07:04:56 Z,25,66,277,28
71,07:04:56 Z,29,28,200,39
71,07:04:56 Z,31,14,305,21
71,07:04:56 Z,32,40,273,31
71,07:04:56 Z,39,30,156,28
72,07:05:01 Z,02,29,102,29
72,07:05:01 Z,03,02,354,11
72,07:05:01 Z,06,23,055,39
72,07:05:01 Z,11,23,101,23
72,07:05:01 Z,12,64,064,22
72,07:05:01 Z,19,07,039,23
72,07:05:01 Z,22,33,301,20
72,07:05:01 Z,24,36,141,39
72,07:05:01 Z,25,66,277,19
72,07:05:01 Z,29,28,200,26
72,07:05:01 Z,31,14,305,21
72,07:05:01 Z,32,40,273,31
73,07:05:06 Z,02,29,102,29
73,07:05:06 Z,03,02,354,19
73,07:05:06 Z,06,23,055,40
73,07:05:06 Z,11,23,101,32
73,07:05:06 Z,12,63,064,33
73,07:05:06 Z,19,07,039,27
73,07:05:06 Z,22,33,301,18
73,07:05:06 Z,24,36,141,27
73,07:05:06 Z,25,66,277,13
73,07:05:06 Z,29,28,200,26
73,07:05:06 Z,31,14,305,25
73,07:05:06 Z,32,40,273,
74,07:05:11 Z,02,29,102,35
74,07:05:11 Z,03,02,354,21
74,07:05:11 Z,06,23,055,36
74,07:05:11 Z,11,23,101,39
74,07:05:11 Z,12,63,064,29
74,07:05:11 Z,19,06,039,30
74,07:05:11 Z,22,33,301,18
74,07:05:11 Z,24,36,141,24
74,07:05:11 Z,25,66,277,16
74,07:05:11 Z,29,28,200,23
74,07:05:11 Z,31,14,305,31
74,07:05:11 Z,32,40,273,21
75,07:05:16 Z,02,29,102,31
75,07:05:16 Z,03,02,354,21
75,07:05:16 Z,06,23,055,27
75,07:05:16 Z,11,23,101,35
75,07:05:16 Z,12,63,064,29
75,07:05:16 Z,19,06,039,26
75,07:05:16 Z,22,34,300,18
75,07:05:16 Z,24,36,141,26
75,07:05:16 Z,25,66,278,17
75,07:05:16 Z,29,28,200,20
75,07:05:16 Z,31,14,305,32
75,07:05:16 Z,32,40,273,21
76,07:05:21 Z,02,29,102,34
76,07:05:21 Z,03,02,354,23
76,07:05:21 Z,06,23,055,26
76,07:05:21 Z,11,23,101,35
76,07:05:21 Z,12,63,064,29
76,07:05:21 Z,19,06,039,32
76,07:05:21 Z,22,34,300,18
76,07:05:21 Z,24,36,141,27
76,07:05:21 Z,25,66,278,21
76,07:05:21 Z,29,28,200,24
76,07:05:21 Z,31,14,305,28
76,07:05:21 Z,32,40,273,25
77,07:05:26 Z,02,29,102,28
77,07:05:26 Z,03,02,354,23
77,07:05:26 Z,06,23,055,31
77,07:05:26 Z,11,23,101,37
77,07:05:26 Z,12,63,064,35
77,07:05:26 Z,19,06,039,20
77,07:05:26 Z,22,34,300,21
77,07:05:26 Z,24,36,141,27
77,07:05:26 Z,25,66,278,20
77,07:05:26 Z,29,28,200,23
77,07:05:26 Z,31,14,305,35
77,07:05:26 Z,32,40,273,21
78,07:05:31 Z,02,29,102,35
78,07:05:31 Z,03,02,354,28
78,07:05:31 Z,06,23,055,33
78,07:05:31 Z,11,23,101,37
78,07:05:31 Z,12,63,064,33
78,07:05:31 Z,19,06,039,24
78,07:05:31 Z,22,34,300,30
78,07:05:31 Z,24,36,141,29
78,07:05:31 Z,25,66,278,17
78,07:05:31 Z,29,28,200,20
78,07:05:31 Z,31,14,305,30
78,07:05:31 Z,32,40,273,25
79,07:05:36 Z,02,30,102,32
79,07:05:36 Z,03,02,354,27
79,07:05:36 Z,06,23,055,23
79,07:05:36 Z,11,23,101,35
79,07:05:36 Z,12,63,064,29
79,07:05:36 Z,19,06,039,26
79,07:05:36 Z,22,34,300,39
79,07:05:36 Z,24,36,141,26
79,07:05:36 Z,25,66,278,21
79,07:05:36 Z,29,28,200,21
79,07:05:36 Z,31,14,305,40
79,07:05:36 Z,32,40,273,28
80,07:05:41 Z,02,30,102,35
80,07:05:41 Z,03,02,353,25
80,07:05:41 Z,06,23,055,20
80,07:05:41 Z,11,23,101,37
80,07:05:41 Z,12,63,064,32
80,07:05:41 Z,19,06,039,21
80,07:05:41 Z,22,34,300,37
80,07:05:41 Z,24,36,141,31
80,07:05:41 Z,25,66,278,31
80,07:05:41 Z,29,28,200,23
80,07:05:41 Z,31,14,305,30
80,07:05:41 Z,32,40,273,38
81,07:05:46 Z,02,30,102,32
81,07:05:46 Z,03,02,353,23
81,07:05:46 Z,06,23,055,21
81,07:05:46 Z,11,23,100,25
81,07:05:46 Z,12,63,065,24
81,07:05:46 Z,19,06,039,25
81,07:05:46 Z,22,34,300,39
81,07:05:46 Z,24,36,141,27
81,07:05:46 Z,25,66,278,30
81,07:05:46 Z,29,28,200,21
81,07:05:46 Z,31,14,305,31
81,07:05:46 Z,32,40,273,35
82,07:05:51 Z,02,30,102,27
82,07:05:51 Z,03,02,353,21
82,07:05:51 Z,06,23,055,22
82,07:05:51 Z,11,23,100,23
82,07:05:51 Z,12,63,065,36
82,07:05:51 Z,19,06,039,31
82,07:05:51 Z,22,34,300,32
82,07:05:51 Z,24,36,141,27
82,07:05:51 Z,25,66,278,31
82,07:05:51 Z,29,28,200,21
82,07:05:51 Z,31,14,305,27
82,07:05:51 Z,32,40,273,33
83,07:05:56 Z,02,30,102,26
83,07:05:56 Z,03,02,353,22
83,07:05:56 Z,06,23,055,21
83,07:05:56 Z,11,23,100,24
83,07:05:56 Z,12,63,065,33
83,07:05:56 Z,19,06,039,31
83,07:05:56 Z,22,34,300,24
83,07:05:56 Z,24,36,141,27
83,07:05:56 Z,25,66,278,20
83,07:05:56 Z,29,28,200,20
83,07:05:56 Z,31,14,305,33
83,07:05:56 Z,32,40,273,25
84,07:06:01 Z,02,30,102,33
84,07:06:01 Z,03,02,353,22
84,07:06:01 Z,06,23,055,23
84,07:06:01 Z,11,23,100,24
84,07:06:01 Z,12,63,065,22
84,07:06:01 Z,19,06,039,33
84,07:06:01 Z,22,34,300,28
84,07:06:01 Z,24,35,141,30
84,07:06:01 Z,25,66,278,21
84,07:06:01 Z,29,28,200,20
84,07:06:01 Z,31,14,305,33
84,07:06:01 Z,32,40,273,25
85,07:06:06 Z,02,30,102,28
85,07:06:06 Z,03,02,353,23
85,07:06:06 Z,06,23,055,24
85,07:06:06 Z,11,23,100,25
85,07:06:06 Z,12,63,065,25
85,07:06:06 Z,19,06,039,35
85,07:06:06 Z,22,34,300,25
85,07:06:06 Z,24,35,141,28
85,07:06:06 Z,25,66,278,20
85,07:06:06 Z,29,29,200,22
85,07:06:06 Z,31,14,305,30
85,07:06:06 Z,32,40,272,24
86,07:06:11 Z,02,30,102,27
86,07:06:11 Z,03,02,353,20
86,07:06:11 Z,06,23,055,37
86,07:06:11 Z,11,23,100,26
86,07:06:11 Z,12,63,065,22
86,07:06:11 Z,19,06,039,28
86,07:06:11 Z,22,34,300,27
86,07:06:11 Z,24,35,141,27
86,07:06:11 Z,25,66,278,21
86,07:06:11 Z,29,29,200,22
86,07:06:11 Z,31,14,305,25
86,07:06:11 Z,32,40,272,30
87,07:06:16 Z,02,30,102,39
87,07:06:16 Z,03,02,353,21
87,07:06:16 Z,06,23,055,26
87,07:06:16 Z,11,23,100,25
87,07:06:16 Z,12,63,065,23
87,07:06:16 Z,19,06,039,21
87,07:06:16 Z,22,34,300,24
87,07:06:16 Z,24,35,141,34
87,07:06:16 Z,25,66,278,23
87,07:06:16 Z,29,29,200,22
87,07:06:16 Z,31,14,305,25
87,07:06:16 Z,32,40,272,26
88,07:06:21 Z,02,30,102,20
88,07:06:21 Z,03,02,353,15
88,07:06:21 Z,06,23,055,18
88,07:06:21 Z,11,23,100,18
88,07:06:21 Z,12,63,065,17
88,07:06:21 Z,19,06,039,14
88,07:06:21 Z,22,34,300,17
88,07:06:21 Z,24,35,141,19
88,07:06:21 Z,25,66,278,16
88,07:06:21 Z,29,29,200,14
88,07:06:21 Z,31,14,305,21
88,07:06:21 Z,32,40,272,20
