rid,llid,time,satnum,elev,azim,SNR
0,1,06:59:06 Z,02,28,105,41
1,1,06:59:06 Z,03,01,356,
2,1,06:59:06 Z,06,23,058,27
3,1,06:59:06 Z,11,21,103,29
4,1,06:59:06 Z,12,66,062,28
5,1,06:59:06 Z,19,09,039,14
6,1,06:59:06 Z,22,32,303,26
7,1,06:59:06 Z,24,39,140,35
8,1,06:59:06 Z,25,63,274,20
9,1,06:59:06 Z,29,25,199,27
10,1,06:59:06 Z,31,12,305,29
11,1,06:59:06 Z,32,40,276,23
12,2,06:59:11 Z,02,28,105,22
13,2,06:59:11 Z,03,01,356,
14,2,06:59:11 Z,06,23,058,26
15,2,06:59:11 Z,11,22,103,21
16,2,06:59:11 Z,12,66,062,34
17,2,06:59:11 Z,19,09,039,20
18,2,06:59:11 Z,22,32,303,23
19,2,06:59:11 Z,24,39,140,30
20,2,06:59:11 Z,25,63,274,29
21,2,06:59:11 Z,29,25,199,27
22,2,06:59:11 Z,31,12,305,27
23,2,06:59:11 Z,32,40,276,23
24,3,06:59:16 Z,02,28,105,21
25,3,06:59:16 Z,03,01,356,
26,3,06:59:16 Z,06,23,058,26
27,3,06:59:16 Z,11,22,103,23
28,3,06:59:16 Z,12,66,062,28
29,3,06:59:16 Z,19,09,039,23
30,3,06:59:16 Z,22,32,303,21
31,3,06:59:16 Z,24,39,140,38
32,3,06:59:16 Z,25,63,274,25
33,3,06:59:16 Z,29,25,199,40
34,3,06:59:16 Z,31,12,305,28
35,3,06:59:16 Z,32,40,276,32
36,4,06:59:21 Z,02,28,105,22
37,4,06:59:21 Z,03,01,356,
38,4,06:59:21 Z,06,23,058,22
39,4,06:59:21 Z,11,22,103,24
40,4,06:59:21 Z,12,66,062,17
41,4,06:59:21 Z,19,09,039,22
42,4,06:59:21 Z,22,33,303,25
43,4,06:59:21 Z,24,39,140,32
44,4,06:59:21 Z,25,63,274,26
45,4,06:59:21 Z,29,25,199,41
46,4,06:59:21 Z,31,12,305,30
47,4,06:59:21 Z,32,40,276,33
48,5,06:59:26 Z,02,28,105,22
49,5,06:59:26 Z,03,01,356,
50,5,06:59:26 Z,06,23,058,19
51,5,06:59:26 Z,11,22,103,24
52,5,06:59:26 Z,12,66,062,16
53,5,06:59:26 Z,19,09,039,24
54,5,06:59:26 Z,22,33,303,26
55,5,06:59:26 Z,24,38,140,40
56,5,06:59:26 Z,25,64,274,25
57,5,06:59:26 Z,29,26,199,36
58,5,06:59:26 Z,31,12,305,23
59,5,06:59:26 Z,32,40,276,26
60,6,06:59:31 Z,02,28,105,20
61,6,06:59:31 Z,03,01,356,09
62,6,06:59:31 Z,06,23,058,22
63,6,06:59:31 Z,11,22,103,21
64,6,06:59:31 Z,12,66,062,29
65,6,06:59:31 Z,19,09,039,21
66,6,06:59:31 Z,22,33,303,35
67,6,06:59:31 Z,24,38,140,22
68,6,06:59:31 Z,25,64,274,22
69,6,06:59:31 Z,29,26,199,37
70,6,06:59:31 Z,31,12,305,21
71,6,06:59:31 Z,32,40,276,27
72,7,06:59:36 Z,02,28,105,20
73,7,06:59:36 Z,03,01,356,
74,7,06:59:36 Z,06,23,058,23
75,7,06:59:36 Z,11,22,103,20
76,7,06:59:36 Z,12,66,062,26
77,7,06:59:36 Z,19,09,039,25
78,7,06:59:36 Z,22,33,303,30
79,7,06:59:36 Z,24,38,140,28
80,7,06:59:36 Z,25,64,274,27
81,7,06:59:36 Z,29,26,199,33
82,7,06:59:36 Z,31,12,305,20
83,7,06:59:36 Z,32,40,276,26
84,8,06:59:41 Z,02,28,105,20
85,8,06:59:41 Z,03,01,356,
86,8,06:59:41 Z,06,23,058,23
87,8,06:59:41 Z,11,22,103,17
88,8,06:59:41 Z,12,66,062,23
89,8,06:59:41 Z,19,09,039,19
90,8,06:59:41 Z,22,33,303,19
91,8,06:59:41 Z,24,38,140,19
92,8,06:59:41 Z,25,64,274,22
93,8,06:59:41 Z,29,26,199,23
94,8,06:59:41 Z,31,12,305,20
95,8,06:59:41 Z,32,40,276,29
96,9,06:59:46 Z,02,28,105,26
97,9,06:59:46 Z,03,02,356,
98,9,06:59:46 Z,06,23,058,35
99,9,06:59:46 Z,11,22,103,31
100,9,06:59:46 Z,12,66,062,25
101,9,06:59:46 Z,19,09,039,24
102,9,06:59:46 Z,22,33,303,20
103,9,06:59:46 Z,24,38,140,
104,9,06:59:46 Z,25,64,274,17
105,9,06:59:46 Z,29,26,199,23
106,9,06:59:46 Z,31,12,305,18
107,9,06:59:46 Z,32,40,276,23
108,10,06:59:51 Z,02,28,105,16
109,10,06:59:51 Z,03,02,356,
110,10,06:59:51 Z,06,23,057,41
111,10,06:59:51 Z,11,22,103,32
112,10,06:59:51 Z,12,66,062,28
113,10,06:59:51 Z,19,09,039,26
114,10,06:59:51 Z,22,33,303,30
115,10,06:59:51 Z,24,38,140,23
116,10,06:59:51 Z,25,64,274,29
117,10,06:59:51 Z,29,26,199,20
118,10,06:59:51 Z,31,12,305,23
119,10,06:59:51 Z,32,40,276,30
120,11,06:59:56 Z,02,28,105,39
121,11,06:59:56 Z,03,02,356,
122,11,06:59:56 Z,06,23,057,33
123,11,06:59:56 Z,11,22,103,38
124,11,06:59:56 Z,12,66,062,38
125,11,06:59:56 Z,19,09,039,28
126,11,06:59:56 Z,22,33,303,29
127,11,06:59:56 Z,24,38,140,36
128,11,06:59:56 Z,25,64,274,28
129,11,06:59:56 Z,29,26,199,34
130,11,06:59:56 Z,31,12,305,33
131,11,06:59:56 Z,32,40,276,28
132,12,07:00:01 Z,02,28,105,23
133,12,07:00:01 Z,03,02,356,14
134,12,07:00:01 Z,06,23,057,38
135,12,07:00:01 Z,11,22,103,26
136,12,07:00:01 Z,12,66,062,23
137,12,07:00:01 Z,19,08,039,32
138,12,07:00:01 Z,22,33,303,27
139,12,07:00:01 Z,24,38,140,30
140,12,07:00:01 Z,25,64,274,24
141,12,07:00:01 Z,29,26,199,24
142,12,07:00:01 Z,31,12,305,35
143,12,07:00:01 Z,32,40,276,31
144,13,07:00:06 Z,02,28,105,32
145,13,07:00:06 Z,03,02,356,
146,13,07:00:06 Z,06,23,057,43
147,13,07:00:06 Z,11,22,103,36
148,13,07:00:06 Z,12,66,062,34
149,13,07:00:06 Z,19,08,039,27
150,13,07:00:06 Z,22,33,303,31
151,13,07:00:06 Z,24,38,140,30
152,13,07:00:06 Z,25,64,274,23
153,13,07:00:06 Z,29,26,199,23
154,13,07:00:06 Z,31,12,305,32
155,13,07:00:06 Z,32,40,276,25
156,14,07:00:11 Z,02,28,105,30
157,14,07:00:11 Z,03,02,356,13
158,14,07:00:11 Z,06,23,057,35
159,14,07:00:11 Z,11,22,103,32
160,14,07:00:11 Z,12,66,062,24
161,14,07:00:11 Z,19,08,039,26
162,14,07:00:11 Z,22,33,303,29
163,14,07:00:11 Z,24,38,140,28
164,14,07:00:11 Z,25,64,275,30
165,14,07:00:11 Z,29,26,199,24
166,14,07:00:11 Z,31,12,305,33
167,14,07:00:11 Z,32,40,276,32
168,15,07:00:16 Z,02,28,105,33
169,15,07:00:16 Z,03,02,356,
170,15,07:00:16 Z,06,23,057,32
171,15,07:00:16 Z,11,22,103,38
172,15,07:00:16 Z,12,66,062,34
173,15,07:00:16 Z,19,08,039,26
174,15,07:00:16 Z,22,33,303,34
175,15,07:00:16 Z,24,38,140,32
176,15,07:00:16 Z,25,64,275,24
177,15,07:00:16 Z,29,26,199,26
178,15,07:00:16 Z,31,12,305,35
179,15,07:00:16 Z,32,40,276,32
180,16,07:00:21 Z,02,28,105,31
181,16,07:00:21 Z,03,02,356,
182,16,07:00:21 Z,06,23,057,29
183,16,07:00:21 Z,11,22,103,27
184,16,07:00:21 Z,12,66,062,33
185,16,07:00:21 Z,19,08,039,24
186,16,07:00:21 Z,22,33,303,32
187,16,07:00:21 Z,24,38,140,35
188,16,07:00:21 Z,25,64,275,24
189,16,07:00:21 Z,29,26,199,29
190,16,07:00:21 Z,31,12,305,34
191,16,07:00:21 Z,32,40,276,32
192,17,07:00:26 Z,02,28,105,25
193,17,07:00:26 Z,03,02,356,
194,17,07:00:26 Z,06,23,057,31
195,17,07:00:26 Z,11,22,103,23
196,17,07:00:26 Z,12,66,062,33
197,17,07:00:26 Z,19,08,039,25
198,17,07:00:26 Z,22,33,303,31
199,17,07:00:26 Z,24,38,140,26
200,17,07:00:26 Z,25,64,275,22
201,17,07:00:26 Z,29,26,199,28
202,17,07:00:26 Z,31,12,305,23
203,17,07:00:26 Z,32,40,276,38
204,18,07:00:31 Z,02,28,104,30
205,18,07:00:31 Z,03,02,355,17
206,18,07:00:31 Z,06,23,057,36
207,18,07:00:31 Z,11,22,103,24
208,18,07:00:31 Z,12,66,062,33
209,18,07:00:31 Z,19,08,039,20
210,18,07:00:31 Z,22,33,303,34
211,18,07:00:31 Z,24,38,140,21
212,18,07:00:31 Z,25,64,275,23
213,18,07:00:31 Z,29,26,199,31
214,18,07:00:31 Z,31,12,305,25
215,18,07:00:31 Z,32,40,276,33
216,19,07:00:36 Z,02,28,104,25
217,19,07:00:36 Z,03,02,355,
218,19,07:00:36 Z,06,23,057,31
219,19,07:00:36 Z,11,22,103,24
220,19,07:00:36 Z,12,66,062,28
221,19,07:00:36 Z,19,08,039,21
222,19,07:00:36 Z,22,33,303,35
223,19,07:00:36 Z,24,38,140,23
224,19,07:00:36 Z,25,64,275,25
225,19,07:00:36 Z,29,26,199,25
226,19,07:00:36 Z,31,12,305,24
227,19,07:00:36 Z,32,40,276,30
228,20,07:00:41 Z,02,28,104,25
229,20,07:00:41 Z,03,02,355,
230,20,07:00:41 Z,06,23,057,32
231,20,07:00:41 Z,11,22,102,25
232,20,07:00:41 Z,12,65,063,32
233,20,07:00:41 Z,19,08,039,22
234,20,07:00:41 Z,22,33,303,35
235,20,07:00:41 Z,24,38,140,22
236,20,07:00:41 Z,25,64,275,24
237,20,07:00:41 Z,29,26,199,26
238,20,07:00:41 Z,31,12,305,26
239,20,07:00:41 Z,32,40,276,35
240,21,07:00:46 Z,02,28,104,26
241,21,07:00:46 Z,03,02,355,
242,21,07:00:46 Z,06,23,057,25
243,21,07:00:46 Z,11,22,102,23
244,21,07:00:46 Z,12,65,063,29
245,21,07:00:46 Z,19,08,039,25
246,21,07:00:46 Z,22,33,303,26
247,21,07:00:46 Z,24,38,140,23
248,21,07:00:46 Z,25,64,275,22
249,21,07:00:46 Z,29,26,199,28
250,21,07:00:46 Z,31,12,305,21
251,21,07:00:46 Z,32,40,276,35
252,22,07:00:51 Z,02,28,104,22
253,22,07:00:51 Z,03,02,355,
254,22,07:00:51 Z,06,23,057,37
255,22,07:00:51 Z,11,22,102,22
256,22,07:00:51 Z,12,65,063,27
257,22,07:00:51 Z,19,08,039,35
258,22,07:00:51 Z,22,33,302,14
259,22,07:00:51 Z,24,38,140,24
260,22,07:00:51 Z,25,64,275,22
261,22,07:00:51 Z,29,26,199,27
262,22,07:00:51 Z,31,12,305,18
263,22,07:00:51 Z,32,40,276,27
264,23,07:00:56 Z,02,28,104,24
265,23,07:00:56 Z,03,02,355,
266,23,07:00:56 Z,06,23,057,29
267,23,07:00:56 Z,11,22,102,23
268,23,07:00:56 Z,12,65,063,28
269,23,07:00:56 Z,19,08,039,20
270,23,07:00:56 Z,22,33,302,10
271,23,07:00:56 Z,24,38,140,23
272,23,07:00:56 Z,25,64,275,09
273,23,07:00:56 Z,29,26,199,28
274,23,07:00:56 Z,31,12,305,14
275,23,07:00:56 Z,32,40,276,19
276,24,07:01:01 Z,02,28,104,25
277,24,07:01:01 Z,03,02,355,
278,24,07:01:01 Z,06,23,057,35
279,24,07:01:01 Z,11,22,102,23
280,24,07:01:01 Z,12,65,063,29
281,24,07:01:01 Z,19,08,039,14
282,24,07:01:01 Z,22,33,302,08
283,24,07:01:01 Z,24,38,140,22
284,24,07:01:01 Z,25,64,275,10
285,24,07:01:01 Z,29,26,199,28
286,24,07:01:01 Z,31,12,305,15
287,24,07:01:01 Z,32,40,275,11
288,25,07:01:06 Z,02,28,104,29
289,25,07:01:06 Z,03,02,355,
290,25,07:01:06 Z,06,23,057,24
291,25,07:01:06 Z,11,22,102,26
292,25,07:01:06 Z,12,65,063,28
293,25,07:01:06 Z,19,08,039,15
294,25,07:01:06 Z,22,33,302,10
295,25,07:01:06 Z,24,38,140,25
296,25,07:01:06 Z,25,64,275,12
297,25,07:01:06 Z,29,26,199,26
298,25,07:01:06 Z,31,12,305,21
299,25,07:01:06 Z,32,40,275,16
300,26,07:01:11 Z,02,28,104,33
301,26,07:01:11 Z,03,02,355,09
302,26,07:01:11 Z,06,23,057,23
303,26,07:01:11 Z,11,22,102,26
304,26,07:01:11 Z,12,65,063,26
305,26,07:01:11 Z,19,08,039,15
306,26,07:01:11 Z,22,33,302,13
307,26,07:01:11 Z,24,38,140,23
308,26,07:01:11 Z,25,64,275,10
309,26,07:01:11 Z,29,26,199,26
310,26,07:01:11 Z,31,12,305,26
311,26,07:01:11 Z,32,40,275,17
312,27,07:01:16 Z,02,28,104,29
313,27,07:01:16 Z,03,02,355,08
314,27,07:01:16 Z,06,23,057,42
315,27,07:01:16 Z,11,22,102,32
316,27,07:01:16 Z,12,65,063,39
317,27,07:01:16 Z,19,08,039,15
318,27,07:01:16 Z,22,33,302,13
319,27,07:01:16 Z,24,38,140,26
320,27,07:01:16 Z,25,64,275,17
321,27,07:01:16 Z,29,26,199,25
322,27,07:01:16 Z,31,12,305,22
323,27,07:01:16 Z,32,40,275,21
324,28,07:01:21 Z,02,28,104,28
325,28,07:01:21 Z,03,02,355,
326,28,07:01:21 Z,06,23,057,37
327,28,07:01:21 Z,11,22,102,26
328,28,07:01:21 Z,12,65,063,34
329,28,07:01:21 Z,19,08,039,08
330,28,07:01:21 Z,22,33,302,20
331,28,07:01:21 Z,24,38,140,30
332,28,07:01:21 Z,25,64,275,19
333,28,07:01:21 Z,29,26,199,24
334,28,07:01:21 Z,31,12,305,21
335,28,07:01:21 Z,32,40,275,23
336,29,07:01:26 Z,02,28,104,33
337,29,07:01:26 Z,03,02,355,
338,29,07:01:26 Z,06,23,057,37
339,29,07:01:26 Z,11,22,102,30
340,29,07:01:26 Z,12,65,063,30
341,29,07:01:26 Z,19,08,039,15
342,29,07:01:26 Z,22,33,302,21
343,29,07:01:26 Z,24,38,140,28
344,29,07:01:26 Z,25,64,275,22
345,29,07:01:26 Z,29,26,199,26
346,29,07:01:26 Z,31,12,305,17
347,29,07:01:26 Z,32,40,275,24
348,30,07:01:31 Z,02,28,104,33
349,30,07:01:31 Z,03,02,355,
350,30,07:01:31 Z,06,23,057,43
351,30,07:01:31 Z,11,22,102,29
352,30,07:01:31 Z,12,65,063,26
353,30,07:01:31 Z,19,08,039,18
354,30,07:01:31 Z,22,33,302,23
355,30,07:01:31 Z,24,38,140,28
356,30,07:01:31 Z,25,64,275,20
357,30,07:01:31 Z,29,26,199,32
358,30,07:01:31 Z,31,12,305,28
359,30,07:01:31 Z,32,40,275,23
360,31,07:01:36 Z,02,28,104,32
361,31,07:01:36 Z,03,02,355,
362,31,07:01:36 Z,06,23,057,39
363,31,07:01:36 Z,11,22,102,30
364,31,07:01:36 Z,12,65,063,38
365,31,07:01:36 Z,19,08,039,19
366,31,07:01:36 Z,22,33,302,35
367,31,07:01:36 Z,24,37,140,35
368,31,07:01:36 Z,25,65,276,22
369,31,07:01:36 Z,29,26,199,28
370,31,07:01:36 Z,31,12,305,25
371,31,07:01:36 Z,32,40,275,25
372,32,07:01:41 Z,02,28,104,35
373,32,07:01:41 Z,03,02,355,
374,32,07:01:41 Z,06,23,057,21
375,32,07:01:41 Z,11,22,102,41
376,32,07:01:41 Z,12,65,063,37
377,32,07:01:41 Z,19,08,039,17
378,32,07:01:41 Z,22,33,302,28
379,32,07:01:41 Z,24,37,140,29
380,32,07:01:41 Z,25,65,276,23
381,32,07:01:41 Z,29,27,199,26
382,32,07:01:41 Z,31,13,305,24
383,32,07:01:41 Z,32,40,275,25
384,33,07:01:46 Z,02,28,104,28
385,33,07:01:46 Z,03,02,355,
386,33,07:01:46 Z,06,23,057,22
387,33,07:01:46 Z,11,22,102,28
388,33,07:01:46 Z,12,65,063,26
389,33,07:01:46 Z,19,08,039,20
390,33,07:01:46 Z,22,33,302,26
391,33,07:01:46 Z,24,37,140,32
392,33,07:01:46 Z,25,65,276,25
393,33,07:01:46 Z,29,27,199,25
394,33,07:01:46 Z,31,13,305,25
395,33,07:01:46 Z,32,40,275,33
396,34,07:01:51 Z,02,28,104,39
397,34,07:01:51 Z,03,02,355,
398,34,07:01:51 Z,06,23,057,22
399,34,07:01:51 Z,11,22,102,29
400,34,07:01:51 Z,12,65,063,28
401,34,07:01:51 Z,19,08,039,17
402,34,07:01:51 Z,22,33,302,27
403,34,07:01:51 Z,24,37,140,30
404,34,07:01:51 Z,25,65,276,27
405,34,07:01:51 Z,29,27,199,31
406,34,07:01:51 Z,31,13,305,26
407,34,07:01:51 Z,32,40,275,28
408,35,07:01:56 Z,02,29,104,35
409,35,07:01:56 Z,03,02,355,
410,35,07:01:56 Z,06,23,057,21
411,35,07:01:56 Z,11,22,102,37
412,35,07:01:56 Z,12,65,063,34
413,35,07:01:56 Z,19,08,039,17
414,35,07:01:56 Z,22,33,302,34
415,35,07:01:56 Z,24,37,140,34
416,35,07:01:56 Z,25,65,276,25
417,35,07:01:56 Z,29,27,199,31
418,35,07:01:56 Z,31,13,305,27
419,35,07:01:56 Z,32,40,275,35
420,36,07:02:01 Z,02,29,104,30
421,36,07:02:01 Z,03,02,355,
422,36,07:02:01 Z,06,23,056,23
423,36,07:02:01 Z,11,22,102,27
424,36,07:02:01 Z,12,65,063,34
425,36,07:02:01 Z,19,08,039,19
426,36,07:02:01 Z,22,33,302,29
427,36,07:02:01 Z,24,37,140,35
428,36,07:02:01 Z,25,65,276,27
429,36,07:02:01 Z,29,27,199,25
430,36,07:02:01 Z,31,13,305,30
431,36,07:02:01 Z,32,40,275,31
432,37,07:02:06 Z,02,29,104,24
433,37,07:02:06 Z,03,02,355,
434,37,07:02:06 Z,06,23,056,22
435,37,07:02:06 Z,11,22,102,27
436,37,07:02:06 Z,12,65,063,35
437,37,07:02:06 Z,19,08,039,20
438,37,07:02:06 Z,22,33,302,26
439,37,07:02:06 Z,24,37,140,30
440,37,07:02:06 Z,25,65,276,28
441,37,07:02:06 Z,29,27,199,30
442,37,07:02:06 Z,31,13,305,31
443,37,07:02:06 Z,32,40,275,32
444,38,07:02:11 Z,02,29,104,27
445,38,07:02:11 Z,03,02,355,
446,38,07:02:11 Z,06,23,056,23
447,38,07:02:11 Z,11,22,102,31
448,38,07:02:11 Z,12,65,063,35
449,38,07:02:11 Z,19,08,039,19
450,38,07:02:11 Z,22,33,302,26
451,38,07:02:11 Z,24,37,140,28
452,38,07:02:11 Z,25,65,276,27
453,38,07:02:11 Z,29,27,199,33
454,38,07:02:11 Z,31,13,305,31
455,38,07:02:11 Z,32,40,275,31
456,39,07:02:16 Z,02,29,104,25
457,39,07:02:16 Z,03,02,355,
458,39,07:02:16 Z,06,23,056,23
459,39,07:02:16 Z,11,22,102,24
460,39,07:02:16 Z,12,65,063,35
461,39,07:02:16 Z,19,08,039,20
462,39,07:02:16 Z,22,33,302,36
463,39,07:02:16 Z,24,37,140,25
464,39,07:02:16 Z,25,65,276,32
465,39,07:02:16 Z,29,27,199,40
466,39,07:02:16 Z,31,13,305,29
467,39,07:02:16 Z,32,40,275,35
468,40,07:02:21 Z,02,29,104,23
469,40,07:02:21 Z,03,02,355,
470,40,07:02:21 Z,06,23,056,24
471,40,07:02:21 Z,11,22,102,23
472,40,07:02:21 Z,12,65,063,25
473,40,07:02:21 Z,19,08,039,18
474,40,07:02:21 Z,22,33,302,31
475,40,07:02:21 Z,24,37,140,24
476,40,07:02:21 Z,25,65,276,25
477,40,07:02:21 Z,29,27,199,31
478,40,07:02:21 Z,31,13,305,24
479,40,07:02:21 Z,32,40,275,34
480,41,07:02:26 Z,02,29,104,23
481,41,07:02:26 Z,03,02,355,
482,41,07:02:26 Z,06,23,056,25
483,41,07:02:26 Z,11,22,102,19
484,41,07:02:26 Z,12,65,063,25
485,41,07:02:26 Z,19,08,039,18
486,41,07:02:26 Z,22,33,302,30
487,41,07:02:26 Z,24,37,140,22
488,41,07:02:26 Z,25,65,276,28
489,41,07:02:26 Z,29,27,199,30
490,41,07:02:26 Z,31,13,305,25
491,41,07:02:26 Z,32,40,274,36
492,42,07:02:31 Z,02,29,104,19
493,42,07:02:31 Z,03,02,355,
494,42,07:02:31 Z,06,23,056,23
495,42,07:02:31 Z,11,22,102,20
496,42,07:02:31 Z,12,65,063,22
497,42,07:02:31 Z,19,08,039,18
498,42,07:02:31 Z,22,33,302,26
499,42,07:02:31 Z,24,37,140,23
500,42,07:02:31 Z,25,65,276,28
501,42,07:02:31 Z,29,27,199,34
502,42,07:02:31 Z,31,13,305,24
503,42,07:02:31 Z,32,40,274,33
504,43,07:02:36 Z,02,29,104,18
505,43,07:02:36 Z,03,02,355,
506,43,07:02:36 Z,06,23,056,22
507,43,07:02:36 Z,11,22,102,19
508,43,07:02:36 Z,12,65,063,21
509,43,07:02:36 Z,19,08,039,19
510,43,07:02:36 Z,22,33,302,21
511,43,07:02:36 Z,24,37,140,19
512,43,07:02:36 Z,25,65,276,22
513,43,07:02:36 Z,29,27,199,27
514,43,07:02:36 Z,31,13,305,21
515,43,07:02:36 Z,32,40,274,24
516,44,07:02:41 Z,02,29,103,23
517,44,07:02:41 Z,03,02,355,
518,44,07:02:41 Z,06,23,056,19
519,44,07:02:41 Z,11,22,102,29
520,44,07:02:41 Z,12,65,063,34
521,44,07:02:41 Z,19,08,039,20
522,44,07:02:41 Z,22,33,302,23
523,44,07:02:41 Z,24,37,140,20
524,44,07:02:41 Z,25,65,276,23
525,44,07:02:41 Z,29,27,199,17
526,44,07:02:41 Z,31,13,305,22
527,44,07:02:41 Z,32,40,274,24
528,45,07:02:46 Z,02,29,103,20
529,45,07:02:46 Z,03,02,355,
530,45,07:02:46 Z,06,23,056,33
531,45,07:02:46 Z,11,22,102,25
532,45,07:02:46 Z,12,65,063,37
533,45,07:02:46 Z,19,08,039,19
534,45,07:02:46 Z,22,33,302,27
535,45,07:02:46 Z,24,37,140,22
536,45,07:02:46 Z,25,65,276,23
537,45,07:02:46 Z,29,27,199,31
538,45,07:02:46 Z,31,13,305,24
539,45,07:02:46 Z,32,40,274,31
540,46,07:02:51 Z,02,29,103,22
541,46,07:02:51 Z,03,02,355,
542,46,07:02:51 Z,06,23,056,34
543,46,07:02:51 Z,11,23,102,29
544,46,07:02:51 Z,12,64,063,27
545,46,07:02:51 Z,19,08,039,22
546,46,07:02:51 Z,22,33,302,35
547,46,07:02:51 Z,24,37,140,23
548,46,07:02:51 Z,25,65,276,23
549,46,07:02:51 Z,29,27,199,28
550,46,07:02:51 Z,31,13,305,25
551,46,07:02:51 Z,32,40,274,33
552,47,07:02:56 Z,02,29,103,30
553,47,07:02:56 Z,03,02,355,
554,47,07:02:56 Z,06,23,056,30
555,47,07:02:56 Z,11,23,102,24
556,47,07:02:56 Z,12,64,063,32
557,47,07:02:56 Z,19,08,039,29
558,47,07:02:56 Z,22,33,302,24
559,47,07:02:56 Z,24,37,140,25
560,47,07:02:56 Z,25,65,276,25
561,47,07:02:56 Z,29,27,199,36
562,47,07:02:56 Z,31,13,305,29
563,47,07:02:56 Z,32,40,274,26
564,48,07:03:01 Z,02,29,103,26
565,48,07:03:01 Z,03,02,355,
566,48,07:03:01 Z,06,23,056,26
567,48,07:03:01 Z,11,23,102,21
568,48,07:03:01 Z,12,64,063,32
569,48,07:03:01 Z,19,07,039,30
570,48,07:03:01 Z,22,33,301,27
571,48,07:03:01 Z,24,37,140,30
572,48,07:03:01 Z,25,65,276,22
573,48,07:03:01 Z,29,27,199,30
574,48,07:03:01 Z,31,13,305,27
575,48,07:03:01 Z,32,40,274,25
576,49,07:03:06 Z,02,29,103,27
577,49,07:03:06 Z,03,02,354,16
578,49,07:03:06 Z,06,23,056,24
579,49,07:03:06 Z,11,23,102,22
580,49,07:03:06 Z,12,64,063,30
581,49,07:03:06 Z,19,07,039,25
582,49,07:03:06 Z,22,33,301,25
583,49,07:03:06 Z,24,37,140,27
584,49,07:03:06 Z,25,65,276,22
585,49,07:03:06 Z,29,27,199,34
586,49,07:03:06 Z,31,13,305,29
587,49,07:03:06 Z,32,40,274,27
588,50,07:03:11 Z,02,29,103,26
589,50,07:03:11 Z,03,02,354,13
590,50,07:03:11 Z,06,23,056,33
591,50,07:03:11 Z,11,23,102,25
592,50,07:03:11 Z,12,64,063,25
593,50,07:03:11 Z,19,07,039,23
594,50,07:03:11 Z,22,33,301,26
595,50,07:03:11 Z,24,37,140,30
596,50,07:03:11 Z,25,65,276,29
597,50,07:03:11 Z,29,27,199,27
598,50,07:03:11 Z,31,13,305,25
599,50,07:03:11 Z,32,40,274,22
600,51,07:03:16 Z,02,29,103,33
601,51,07:03:16 Z,03,02,354,12
602,51,07:03:16 Z,06,23,056,27
603,51,07:03:16 Z,11,23,102,25
604,51,07:03:16 Z,12,64,063,23
605,51,07:03:16 Z,19,07,039,26
606,51,07:03:16 Z,22,33,301,26
607,51,07:03:16 Z,24,37,140,28
608,51,07:03:16 Z,25,65,276,24
609,51,07:03:16 Z,29,27,199,32
610,51,07:03:16 Z,31,13,305,25
611,51,07:03:16 Z,32,40,274,27
612,52,07:03:21 Z,02,29,103,21
613,52,07:03:21 Z,03,02,354,12
614,52,07:03:21 Z,06,23,056,26
615,52,07:03:21 Z,11,23,102,20
616,52,07:03:21 Z,12,64,063,22
617,52,07:03:21 Z,19,07,039,30
618,52,07:03:21 Z,22,33,301,27
619,52,07:03:21 Z,24,37,140,28
620,52,07:03:21 Z,25,65,276,26
621,52,07:03:21 Z,29,27,199,25
622,52,07:03:21 Z,31,13,305,24
623,52,07:03:21 Z,32,40,274,32
624,53,07:03:26 Z,02,29,103,18
625,53,07:03:26 Z,03,02,354,14
626,53,07:03:26 Z,06,23,056,24
627,53,07:03:26 Z,11,23,102,19
628,53,07:03:26 Z,12,64,063,22
629,53,07:03:26 Z,19,07,039,24
630,53,07:03:26 Z,22,33,301,25
631,53,07:03:26 Z,24,37,140,23
632,53,07:03:26 Z,25,65,276,24
633,53,07:03:26 Z,29,27,199,32
634,53,07:03:26 Z,31,13,305,26
635,53,07:03:26 Z,32,40,274,27
636,54,07:03:31 Z,02,29,103,22
637,54,07:03:31 Z,03,02,354,14
638,54,07:03:31 Z,06,23,056,28
639,54,07:03:31 Z,11,23,102,21
640,54,07:03:31 Z,12,64,063,33
641,54,07:03:31 Z,19,07,039,26
642,54,07:03:31 Z,22,33,301,30
643,54,07:03:31 Z,24,37,140,22
644,54,07:03:31 Z,25,65,276,23
645,54,07:03:31 Z,29,27,199,26
646,54,07:03:31 Z,31,13,305,25
647,54,07:03:31 Z,32,40,274,32
648,55,07:03:36 Z,02,29,103,26
649,55,07:03:36 Z,03,02,354,15
650,55,07:03:36 Z,06,23,056,24
651,55,07:03:36 Z,11,23,101,22
652,55,07:03:36 Z,12,64,064,31
653,55,07:03:36 Z,19,07,039,23
654,55,07:03:36 Z,22,33,301,34
655,55,07:03:36 Z,24,37,140,23
656,55,07:03:36 Z,25,65,276,27
657,55,07:03:36 Z,29,27,199,25
658,55,07:03:36 Z,31,13,305,25
659,55,07:03:36 Z,32,40,274,37
660,56,07:03:41 Z,02,29,103,31
661,56,07:03:41 Z,03,02,354,
662,56,07:03:41 Z,06,23,056,35
663,56,07:03:41 Z,11,23,101,32
664,56,07:03:41 Z,12,64,064,36
665,56,07:03:41 Z,19,07,039,25
666,56,07:03:41 Z,22,33,301,39
667,56,07:03:41 Z,24,37,140,22
668,56,07:03:41 Z,25,65,276,26
669,56,07:03:41 Z,29,27,199,25
670,56,07:03:41 Z,31,13,305,26
671,56,07:03:41 Z,32,40,274,37
672,57,07:03:46 Z,02,29,103,32
673,57,07:03:46 Z,03,02,354,
674,57,07:03:46 Z,06,23,056,38
675,57,07:03:46 Z,11,23,101,24
676,57,07:03:46 Z,12,64,064,41
677,57,07:03:46 Z,19,07,039,27
678,57,07:03:46 Z,22,33,301,33
679,57,07:03:46 Z,24,36,141,26
680,57,07:03:46 Z,25,65,276,25
681,57,07:03:46 Z,29,27,199,27
682,57,07:03:46 Z,31,13,305,27
683,57,07:03:46 Z,32,40,274,36
684,58,07:03:51 Z,02,29,103,25
685,58,07:03:51 Z,03,02,354,
686,58,07:03:51 Z,06,23,056,34
687,58,07:03:51 Z,11,23,101,25
688,58,07:03:51 Z,12,64,064,25
689,58,07:03:51 Z,19,07,039,27
690,58,07:03:51 Z,22,33,301,31
691,58,07:03:51 Z,24,36,141,26
692,58,07:03:51 Z,25,66,277,25
693,58,07:03:51 Z,29,28,199,28
694,58,07:03:51 Z,31,13,305,25
695,58,07:03:51 Z,32,40,274,28
696,59,07:03:56 Z,02,29,103,30
697,59,07:03:56 Z,03,02,354,
698,59,07:03:56 Z,06,23,056,34
699,59,07:03:56 Z,11,23,101,24
700,59,07:03:56 Z,12,64,064,31
701,59,07:03:56 Z,19,07,039,32
702,59,07:03:56 Z,22,33,301,34
703,59,07:03:56 Z,24,36,141,24
704,59,07:03:56 Z,25,66,277,23
705,59,07:03:56 Z,29,28,199,26
706,59,07:03:56 Z,31,14,305,25
707,59,07:03:56 Z,32,40,273,31
708,60,07:04:01 Z,02,29,103,29
709,60,07:04:01 Z,03,02,354,17
710,60,07:04:01 Z,06,23,056,32
711,60,07:04:01 Z,11,23,101,30
712,60,07:04:01 Z,12,64,064,32
713,60,07:04:01 Z,19,07,039,26
714,60,07:04:01 Z,22,33,301,39
715,60,07:04:01 Z,24,36,141,24
716,60,07:04:01 Z,25,66,277,31
717,60,07:04:01 Z,29,28,199,24
718,60,07:04:01 Z,31,14,305,25
719,60,07:04:01 Z,32,40,273,35
720,61,07:04:06 Z,02,29,103,33
721,61,07:04:06 Z,03,02,354,
722,61,07:04:06 Z,06,23,056,29
723,61,07:04:06 Z,11,23,101,40
724,61,07:04:06 Z,12,64,064,32
725,61,07:04:06 Z,19,07,039,26
726,61,07:04:06 Z,22,33,301,34
727,61,07:04:06 Z,24,36,141,26
728,61,07:04:06 Z,25,66,277,31
729,61,07:04:06 Z,29,28,199,27
730,61,07:04:06 Z,31,14,305,26
731,61,07:04:06 Z,32,40,273,26
732,62,07:04:11 Z,02,29,103,28
733,62,07:04:11 Z,03,02,354,
734,62,07:04:11 Z,06,23,056,27
735,62,07:04:11 Z,11,23,101,29
736,62,07:04:11 Z,12,64,064,28
737,62,07:04:11 Z,19,07,039,21
738,62,07:04:11 Z,22,33,301,25
739,62,07:04:11 Z,24,36,141,22
740,62,07:04:11 Z,25,66,277,26
741,62,07:04:11 Z,29,28,199,37
742,62,07:04:11 Z,31,14,305,24
743,62,07:04:11 Z,32,40,273,31
744,63,07:04:16 Z,02,29,103,35
745,63,07:04:16 Z,03,02,354,06
746,63,07:04:16 Z,06,23,055,27
747,63,07:04:16 Z,11,23,101,29
748,63,07:04:16 Z,12,64,064,26
749,63,07:04:16 Z,19,07,039,18
750,63,07:04:16 Z,22,33,301,26
751,63,07:04:16 Z,24,36,141,23
752,63,07:04:16 Z,25,66,277,33
753,63,07:04:16 Z,29,28,199,38
754,63,07:04:16 Z,31,14,305,24
755,63,07:04:16 Z,32,40,273,39
756,64,07:04:21 Z,02,29,103,29
757,64,07:04:21 Z,03,02,354,07
758,64,07:04:21 Z,06,23,055,29
759,64,07:04:21 Z,11,23,101,26
760,64,07:04:21 Z,12,64,064,29
761,64,07:04:21 Z,19,07,039,19
762,64,07:04:21 Z,22,33,301,26
763,64,07:04:21 Z,24,36,141,25
764,64,07:04:21 Z,25,66,277,35
765,64,07:04:21 Z,29,28,199,27
766,64,07:04:21 Z,31,14,305,31
767,64,07:04:21 Z,32,40,273,44
768,65,07:04:26 Z,02,29,103,22
769,65,07:04:26 Z,03,02,354,07
770,65,07:04:26 Z,06,23,055,30
771,65,07:04:26 Z,11,23,101,30
772,65,07:04:26 Z,12,64,064,23
773,65,07:04:26 Z,19,07,039,19
774,65,07:04:26 Z,22,33,301,21
775,65,07:04:26 Z,24,36,141,26
776,65,07:04:26 Z,25,66,277,35
777,65,07:04:26 Z,29,28,199,32
778,65,07:04:26 Z,31,14,305,32
779,65,07:04:26 Z,32,40,273,44
780,66,07:04:31 Z,02,29,103,35
781,66,07:04:31 Z,03,02,354,07
782,66,07:04:31 Z,06,23,055,26
783,66,07:04:31 Z,11,23,101,37
784,66,07:04:31 Z,12,64,064,31
785,66,07:04:31 Z,19,07,039,19
786,66,07:04:31 Z,22,33,301,21
787,66,07:04:31 Z,24,36,141,31
788,66,07:04:31 Z,25,66,277,37
789,66,07:04:31 Z,29,28,199,28
790,66,07:04:31 Z,31,14,305,29
791,66,07:04:31 Z,32,40,273,43
792,67,07:04:36 Z,02,29,103,37
793,67,07:04:36 Z,03,02,354,
794,67,07:04:36 Z,06,23,055,
795,67,07:04:36 Z,11,23,101,39
796,67,07:04:36 Z,12,64,064,30
797,67,07:04:36 Z,19,07,039,18
798,67,07:04:36 Z,22,33,301,22
799,67,07:04:36 Z,24,36,141,24
800,67,07:04:36 Z,25,66,277,33
801,67,07:04:36 Z,29,28,200,26
802,67,07:04:36 Z,31,14,305,26
803,67,07:04:36 Z,32,40,273,45
804,68,07:04:41 Z,02,29,103,40
805,68,07:04:41 Z,03,02,354,
806,68,07:04:41 Z,06,23,055,
807,68,07:04:41 Z,11,23,101,40
808,68,07:04:41 Z,12,64,064,27
809,68,07:04:41 Z,19,07,039,15
810,68,07:04:41 Z,22,33,301,25
811,68,07:04:41 Z,24,36,141,30
812,68,07:04:41 Z,25,66,277,36
813,68,07:04:41 Z,29,28,200,32
814,68,07:04:41 Z,31,14,305,30
815,68,07:04:41 Z,32,40,273,37
816,68,07:04:41 Z,39,30,156,27
817,69,07:04:46 Z,02,29,103,34
818,69,07:04:46 Z,03,02,354,11
819,69,07:04:46 Z,06,23,055,
820,69,07:04:46 Z,11,23,101,34
821,69,07:04:46 Z,12,64,064,25
822,69,07:04:46 Z,19,07,039,23
823,69,07:04:46 Z,22,33,301,35
824,69,07:04:46 Z,24,36,141,27
825,69,07:04:46 Z,25,66,277,31
826,69,07:04:46 Z,29,28,200,36
827,69,07:04:46 Z,31,14,305,24
828,69,07:04:46 Z,32,40,273,43
829,69,07:04:46 Z,39,30,156,33
830,70,07:04:51 Z,02,29,103,37
831,70,07:04:51 Z,03,02,354,15
832,70,07:04:51 Z,06,23,055,22
833,70,07:04:51 Z,11,23,101,32
834,70,07:04:51 Z,12,64,064,24
835,70,07:04:51 Z,19,07,039,21
836,70,07:04:51 Z,22,33,301,23
837,70,07:04:51 Z,24,36,141,35
838,70,07:04:51 Z,25,66,277,26
839,70,07:04:51 Z,29,28,200,39
840,70,07:04:51 Z,31,14,305,20
841,70,07:04:51 Z,32,40,273,36
842,70,07:04:51 Z,39,30,156,36
843,71,07:04:56 Z,02,29,102,34
844,71,07:04:56 Z,03,02,354,15
845,71,07:04:56 Z,06,23,055,37
846,71,07:04:56 Z,11,23,101,35
847,71,07:04:56 Z,12,64,064,23
848,71,07:04:56 Z,19,07,039,18
849,71,07:04:56 Z,22,33,301,20
850,71,07:04:56 Z,24,36,141,22
851,71,07:04:56 Z,25,66,277,28
852,71,07:04:56 Z,29,28,200,39
853,71,07:04:56 Z,31,14,305,21
854,71,07:04:56 Z,32,40,273,31
855,71,07:04:56 Z,39,30,156,28
856,72,07:05:01 Z,02,29,102,29
857,72,07:05:01 Z,03,02,354,11
858,72,07:05:01 Z,06,23,055,39
859,72,07:05:01 Z,11,23,101,23
860,72,07:05:01 Z,12,64,064,22
861,72,07:05:01 Z,19,07,039,23
862,72,07:05:01 Z,22,33,301,20
863,72,07:05:01 Z,24,36,141,39
864,72,07:05:01 Z,25,66,277,19
865,72,07:05:01 Z,29,28,200,26
866,72,07:05:01 Z,31,14,305,21
867,72,07:05:01 Z,32,40,273,31
868,73,07:05:06 Z,02,29,102,29
869,73,07:05:06 Z,03,02,354,19
870,73,07:05:06 Z,06,23,055,40
871,73,07:05:06 Z,11,23,101,32
872,73,07:05:06 Z,12,63,064,33
873,73,07:05:06 Z,19,07,039,27
874,73,07:05:06 Z,22,33,301,18
875,73,07:05:06 Z,24,36,141,27
876,73,07:05:06 Z,25,66,277,13
877,73,07:05:06 Z,29,28,200,26
878,73,07:05:06 Z,31,14,305,25
879,73,07:05:06 Z,32,40,273,
880,74,07:05:11 Z,02,29,102,35
881,74,07:05:11 Z,03,02,354,21
882,74,07:05:11 Z,06,23,055,36
883,74,07:05:11 Z,11,23,101,39
884,74,07:05:11 Z,12,63,064,29
885,74,07:05:11 Z,19,06,039,30
886,74,07:05:11 Z,22,33,301,18
887,74,07:05:11 Z,24,36,141,24
888,74,07:05:11 Z,25,66,277,16
889,74,07:05:11 Z,29,28,200,23
890,74,07:05:11 Z,31,14,305,31
891,74,07:05:11 Z,32,40,273,21
892,75,07:05:16 Z,02,29,102,31
893,75,07:05:16 Z,03,02,354,21
894,75,07:05:16 Z,06,23,055,27
895,75,07:05:16 Z,11,23,101,35
896,75,07:05:16 Z,12,63,064,29
897,75,07:05:16 Z,19,06,039,26
898,75,07:05:16 Z,22,34,300,18
899,75,07:05:16 Z,24,36,141,26
900,75,07:05:16 Z,25,66,278,17
901,75,07:05:16 Z,29,28,200,20
902,75,07:05:16 Z,31,14,305,32
903,75,07:05:16 Z,32,40,273,21
904,76,07:05:21 Z,02,29,102,34
905,76,07:05:21 Z,03,02,354,23
906,76,07:05:21 Z,06,23,055,26
907,76,07:05:21 Z,11,23,101,35
908,76,07:05:21 Z,12,63,064,29
909,76,07:05:21 Z,19,06,039,32
910,76,07:05:21 Z,22,34,300,18
911,76,07:05:21 Z,24,36,141,27
912,76,07:05:21 Z,25,66,278,21
913,76,07:05:21 Z,29,28,200,24
914,76,07:05:21 Z,31,14,305,28
915,76,07:05:21 Z,32,40,273,25
916,77,07:05:26 Z,02,29,102,28
917,77,07:05:26 Z,03,02,354,23
918,77,07:05:26 Z,06,23,055,31
919,77,07:05:26 Z,11,23,101,37
920,77,07:05:26 Z,12,63,064,35
921,77,07:05:26 Z,19,06,039,20
922,77,07:05:26 Z,22,34,300,21
923,77,07:05:26 Z,24,36,141,27
924,77,07:05:26 Z,25,66,278,20
925,77,07:05:26 Z,29,28,200,23
926,77,07:05:26 Z,31,14,305,35
927,77,07:05:26 Z,32,40,273,21
928,78,07:05:31 Z,02,29,102,35
929,78,07:05:31 Z,03,02,354,28
930,78,07:05:31 Z,06,23,055,33
931,78,07:05:31 Z,11,23,101,37
932,78,07:05:31 Z,12,63,064,33
933,78,07:05:31 Z,19,06,039,24
934,78,07:05:31 Z,22,34,300,30
935,78,07:05:31 Z,24,36,141,29
936,78,07:05:31 Z,25,66,278,17
937,78,07:05:31 Z,29,28,200,20
938,78,07:05:31 Z,31,14,305,30
939,78,07:05:31 Z,32,40,273,25
940,79,07:05:36 Z,02,30,102,32
941,79,07:05:36 Z,03,02,354,27
942,79,07:05:36 Z,06,23,055,23
943,79,07:05:36 Z,11,23,101,35
944,79,07:05:36 Z,12,63,064,29
945,79,07:05:36 Z,19,06,039,26
946,79,07:05:36 Z,22,34,300,39
947,79,07:05:36 Z,24,36,141,26
948,79,07:05:36 Z,25,66,278,21
949,79,07:05:36 Z,29,28,200,21
950,79,07:05:36 Z,31,14,305,40
951,79,07:05:36 Z,32,40,273,28
952,80,07:05:41 Z,02,30,102,35
953,80,07:05:41 Z,03,02,353,25
954,80,07:05:41 Z,06,23,055,20
955,80,07:05:41 Z,11,23,101,37
956,80,07:05:41 Z,12,63,064,32
957,80,07:05:41 Z,19,06,039,21
958,80,07:05:41 Z,22,34,300,37
959,80,07:05:41 Z,24,36,141,31
960,80,07:05:41 Z,25,66,278,31
961,80,07:05:41 Z,29,28,200,23
962,80,07:05:41 Z,31,14,305,30
963,80,07:05:41 Z,32,40,273,38
964,81,07:05:46 Z,02,30,102,32
965,81,07:05:46 Z,03,02,353,23
966,81,07:05:46 Z,06,23,055,21
967,81,07:05:46 Z,11,23,100,25
968,81,07:05:46 Z,12,63,065,24
969,81,07:05:46 Z,19,06,039,25
970,81,07:05:46 Z,22,34,300,39
971,81,07:05:46 Z,24,36,141,27
972,81,07:05:46 Z,25,66,278,30
973,81,07:05:46 Z,29,28,200,21
974,81,07:05:46 Z,31,14,305,31
975,81,07:05:46 Z,32,40,273,35
976,82,07:05:51 Z,02,30,102,27
977,82,07:05:51 Z,03,02,353,21
978,82,07:05:51 Z,06,23,055,22
979,82,07:05:51 Z,11,23,100,23
980,82,07:05:51 Z,12,63,065,36
981,82,07:05:51 Z,19,06,039,31
982,82,07:05:51 Z,22,34,300,32
983,82,07:05:51 Z,24,36,141,27
984,82,07:05:51 Z,25,66,278,31
985,82,07:05:51 Z,29,28,200,21
986,82,07:05:51 Z,31,14,305,27
987,82,07:05:51 Z,32,40,273,33
988,83,07:05:56 Z,02,30,102,26
989,83,07:05:56 Z,03,02,353,22
990,83,07:05:56 Z,06,23,055,21
991,83,07:05:56 Z,11,23,100,24
992,83,07:05:56 Z,12,63,065,33
993,83,07:05:56 Z,19,06,039,31
994,83,07:05:56 Z,22,34,300,24
995,83,07:05:56 Z,24,36,141,27
996,83,07:05:56 Z,25,66,278,20
997,83,07:05:56 Z,29,28,200,20
998,83,07:05:56 Z,31,14,305,33
999,83,07:05:56 Z,32,40,273,25
1000,84,07:06:01 Z,02,30,102,33
1001,84,07:06:01 Z,03,02,353,22
1002,84,07:06:01 Z,06,23,055,23
1003,84,07:06:01 Z,11,23,100,24
1004,84,07:06:01 Z,12,63,065,22
1005,84,07:06:01 Z,19,06,039,33
1006,84,07:06:01 Z,22,34,300,28
1007,84,07:06:01 Z,24,35,141,30
1008,84,07:06:01 Z,25,66,278,21
1009,84,07:06:01 Z,29,28,200,20
1010,84,07:06:01 Z,31,14,305,33
1011,84,07:06:01 Z,32,40,273,25
1012,85,07:06:06 Z,02,30,102,28
1013,85,07:06:06 Z,03,02,353,23
1014,85,07:06:06 Z,06,23,055,24
1015,85,07:06:06 Z,11,23,100,25
1016,85,07:06:06 Z,12,63,065,25
1017,85,07:06:06 Z,19,06,039,35
1018,85,07:06:06 Z,22,34,300,25
1019,85,07:06:06 Z,24,35,141,28
1020,85,07:06:06 Z,25,66,278,20
1021,85,07:06:06 Z,29,29,200,22
1022,85,07:06:06 Z,31,14,305,30
1023,85,07:06:06 Z,32,40,272,24
1024,86,07:06:11 Z,02,30,102,27
1025,86,07:06:11 Z,03,02,353,20
1026,86,07:06:11 Z,06,23,055,37
1027,86,07:06:11 Z,11,23,100,26
1028,86,07:06:11 Z,12,63,065,22
1029,86,07:06:11 Z,19,06,039,28
1030,86,07:06:11 Z,22,34,300,27
1031,86,07:06:11 Z,24,35,141,27
1032,86,07:06:11 Z,25,66,278,21
1033,86,07:06:11 Z,29,29,200,22
1034,86,07:06:11 Z,31,14,305,25
1035,86,07:06:11 Z,32,40,272,30
1036,87,07:06:16 Z,02,30,102,39
1037,87,07:06:16 Z,03,02,353,21
1038,87,07:06:16 Z,06,23,055,26
1039,87,07:06:16 Z,11,23,100,25
1040,87,07:06:16 Z,12,63,065,23
1041,87,07:06:16 Z,19,06,039,21
1042,87,07:06:16 Z,22,34,300,24
1043,87,07:06:16 Z,24,35,141,34
1044,87,07:06:16 Z,25,66,278,23
1045,87,07:06:16 Z,29,29,200,22
1046,87,07:06:16 Z,31,14,305,25
1047,87,07:06:16 Z,32,40,272,26
1048,88,07:06:21 Z,02,30,102,20
1049,88,07:06:21 Z,03,02,353,15
1050,88,07:06:21 Z,06,23,055,18
1051,88,07:06:21 Z,11,23,100,18
1052,88,07:06:21 Z,12,63,065,17
1053,88,07:06:21 Z,19,06,039,14
1054,88,07:06:21 Z,22,34,300,17
1055,88,07:06:21 Z,24,35,141,19
1056,88,07:06:21 Z,25,66,278,16
1057,88,07:06:21 Z,29,29,200,14
1058,88,07:06:21 Z,31,14,305,21
1059,88,07:06:21 Z,32,40,272,20
